AC/NON AC,Age,Breakfast,CustomerID,DaysBooking,HotelStar,NoOfPerson,Price,Season,WiFi,ZZZZ,_id
AC,50,YES,1135,3,5,2,6000,HIGH,NO,NO,5b30afb844a82b1f90c1e333
NON AC,20,YES,1138,5,3,2,6000,HIGH,YES,YES,5b30afb844a82b1f90c1e336
NON AC,30,NO,1116,1,2,1,6000,HIGH,NO,NO,5b30afb844a82b1f90c1e320
AC,45,YES,147,1,2,3,6000,HIGH,YES,NO,5b30afb544a82b1f90c1df56
AC,50,YES,39,2,5,2,6000,LOW,NO,YES,5b30afb544a82b1f90c1deeb
AC,30,YES,56,2,5,3,6000,MEDIUM,YES,NO,5b30afb544a82b1f90c1defc
AC,50,YES,191,2,5,2,6000,LOW,NO,YES,5b30afb544a82b1f90c1df83
AC,50,YES,241,2,5,2,6000,LOW,NO,YES,5b30afb544a82b1f90c1dfb5
AC,30,YES,298,2,5,2,6000,HIGH,NO,YES,5b30afb544a82b1f90c1dfee
AC,50,YES,364,2,5,2,6000,LOW,NO,NO,5b30afb544a82b1f90c1e030
AC,30,YES,381,2,5,3,6000,MEDIUM,YES,NO,5b30afb544a82b1f90c1e041
AC,50,YES,517,2,5,2,6000,LOW,NO,NO,5b30afb744a82b1f90c1e0c9
AC,30,YES,534,2,5,3,6000,MEDIUM,YES,YES,5b30afb744a82b1f90c1e0da
AC,30,YES,634,2,5,3,6000,MEDIUM,YES,NO,5b30afb744a82b1f90c1e13e
AC,50,YES,746,2,5,2,6000,LOW,NO,NO,5b30afb744a82b1f90c1e1ae
AC,30,YES,763,2,5,3,6000,MEDIUM,YES,NO,5b30afb744a82b1f90c1e1bf
AC,50,YES,887,2,5,2,6000,LOW,NO,NO,5b30afb744a82b1f90c1e23b
AC,30,YES,904,2,5,3,6000,MEDIUM,YES,YES,5b30afb744a82b1f90c1e24c
AC,50,YES,1033,2,5,2,6000,LOW,NO,YES,5b30afb844a82b1f90c1e2cd
AC,30,YES,1050,2,5,3,6000,MEDIUM,YES,NO,5b30afb844a82b1f90c1e2de
AC,50,YES,1172,2,5,2,6000,LOW,NO,NO,5b30afb844a82b1f90c1e358
AC,30,YES,1189,2,5,3,6000,MEDIUM,YES,NO,5b30afb844a82b1f90c1e369
NON AC,50,NO,311,2,4,1,6000,MEDIUM,YES,YES,5b30afb544a82b1f90c1dffb
AC,30,YES,23,3,5,2,6000,HIGH,YES,NO,5b30afb544a82b1f90c1dedb
AC,20,NO,52,3,3,4,6000,HIGH,YES,YES,5b30afb544a82b1f90c1def8
AC,30,YES,175,3,5,2,6000,HIGH,YES,NO,5b30afb544a82b1f90c1df73
AC,30,YES,225,3,5,2,6000,HIGH,YES,NO,5b30afb544a82b1f90c1dfa5
AC,50,YES,314,3,5,2,6000,LOW,NO,YES,5b30afb544a82b1f90c1dffe
AC,30,YES,348,3,5,2,6000,HIGH,YES,YES,5b30afb544a82b1f90c1e020
AC,20,NO,377,3,3,4,6000,HIGH,YES,YES,5b30afb544a82b1f90c1e03d
AC,30,YES,501,3,5,2,6000,HIGH,YES,YES,5b30afb744a82b1f90c1e0b9
AC,20,NO,530,3,3,4,6000,HIGH,YES,YES,5b30afb744a82b1f90c1e0d6
AC,20,NO,630,3,3,4,6000,HIGH,YES,NO,5b30afb744a82b1f90c1e13a
AC,30,YES,730,3,5,2,6000,HIGH,YES,NO,5b30afb744a82b1f90c1e19e
AC,20,NO,759,3,3,4,6000,HIGH,YES,NO,5b30afb744a82b1f90c1e1bb
AC,30,YES,871,3,5,2,6000,HIGH,YES,YES,5b30afb744a82b1f90c1e22b
AC,20,NO,900,3,3,4,6000,HIGH,YES,NO,5b30afb744a82b1f90c1e248
AC,30,YES,1017,3,5,2,6000,HIGH,YES,NO,5b30afb844a82b1f90c1e2bd
AC,20,NO,1046,3,3,4,6000,HIGH,YES,YES,5b30afb844a82b1f90c1e2da
AC,30,YES,1156,3,5,2,6000,HIGH,YES,NO,5b30afb844a82b1f90c1e348
AC,20,NO,1185,3,3,4,6000,HIGH,YES,NO,5b30afb844a82b1f90c1e365
AC,45,YES,471,5,4,3,6000,HIGH,YES,YES,5b30afb544a82b1f90c1e09b
AC,37,NO,1137,2,4,4,5500,MEDIUM,YES,YES,5b30afb844a82b1f90c1e335
AC,50,YES,143,1,4,2,5000,MEDIUM,YES,YES,5b30afb544a82b1f90c1df53
AC,32,NO,152,1,5,4,5000,MEDIUM,YES,YES,5b30afb544a82b1f90c1df5b
AC,20,NO,275,1,2,1,5000,HIGH,YES,NO,5b30afb544a82b1f90c1dfd7
AC,50,YES,468,1,4,2,5000,MEDIUM,YES,NO,5b30afb544a82b1f90c1e098
AC,30,YES,701,1,3,2,5000,LOW,YES,NO,5b30afb744a82b1f90c1e181
NON AC,30,NO,307,1,4,2,5000,MEDIUM,NO,YES,5b30afb544a82b1f90c1dff7
AC,30,NO,9,2,2,2,5000,HIGH,YES,NO,5b30afb544a82b1f90c1decd
AC,30,YES,32,2,4,2,5000,MEDIUM,YES,YES,5b30afb544a82b1f90c1dee4
AC,50,YES,33,2,5,4,5000,HIGH,YES,YES,5b30afb544a82b1f90c1dee5
AC,20,YES,42,2,4,2,5000,HIGH,YES,YES,5b30afb544a82b1f90c1deee
AC,50,YES,104,2,5,2,5000,HIGH,NO,YES,5b30afb544a82b1f90c1df2c
AC,40,NO,106,2,4,4,5000,LOW,YES,NO,5b30afb544a82b1f90c1df2e
AC,20,YES,121,2,4,2,5000,HIGH,YES,YES,5b30afb544a82b1f90c1df3d
AC,30,NO,162,2,2,2,5000,HIGH,YES,NO,5b30afb544a82b1f90c1df65
AC,30,YES,184,2,4,2,5000,MEDIUM,YES,YES,5b30afb544a82b1f90c1df7c
AC,50,YES,185,2,5,4,5000,HIGH,YES,YES,5b30afb544a82b1f90c1df7d
AC,20,YES,194,2,4,2,5000,HIGH,YES,YES,5b30afb544a82b1f90c1df86
AC,30,NO,211,2,2,2,5000,HIGH,YES,NO,5b30afb544a82b1f90c1df97
AC,30,YES,234,2,4,2,5000,MEDIUM,YES,YES,5b30afb544a82b1f90c1dfae
AC,50,YES,235,2,5,4,5000,HIGH,YES,YES,5b30afb544a82b1f90c1dfaf
AC,20,YES,244,2,4,2,5000,HIGH,YES,YES,5b30afb544a82b1f90c1dfb8
AC,30,YES,325,2,4,4,5000,HIGH,YES,NO,5b30afb544a82b1f90c1e009
AC,30,NO,334,2,2,2,5000,HIGH,YES,YES,5b30afb544a82b1f90c1e012
AC,30,YES,357,2,4,2,5000,MEDIUM,YES,YES,5b30afb544a82b1f90c1e029
AC,50,YES,358,2,5,4,5000,HIGH,YES,NO,5b30afb544a82b1f90c1e02a
AC,20,YES,367,2,4,2,5000,HIGH,YES,YES,5b30afb544a82b1f90c1e033
AC,50,YES,429,2,5,2,5000,HIGH,NO,YES,5b30afb544a82b1f90c1e071
AC,40,NO,431,2,4,4,5000,LOW,YES,NO,5b30afb544a82b1f90c1e073
AC,20,YES,446,2,4,2,5000,HIGH,YES,NO,5b30afb544a82b1f90c1e082
AC,30,NO,487,2,2,2,5000,HIGH,YES,NO,5b30afb544a82b1f90c1e0ab
AC,30,YES,510,2,4,2,5000,MEDIUM,YES,YES,5b30afb744a82b1f90c1e0c2
AC,50,YES,511,2,5,4,5000,HIGH,YES,YES,5b30afb744a82b1f90c1e0c3
AC,20,YES,520,2,4,2,5000,HIGH,YES,YES,5b30afb744a82b1f90c1e0cc
AC,50,YES,582,2,5,2,5000,HIGH,NO,YES,5b30afb744a82b1f90c1e10a
AC,40,NO,584,2,4,4,5000,LOW,YES,YES,5b30afb744a82b1f90c1e10c
AC,20,YES,599,2,4,2,5000,HIGH,YES,NO,5b30afb744a82b1f90c1e11b
AC,20,YES,620,2,4,2,5000,HIGH,YES,YES,5b30afb744a82b1f90c1e130
AC,30,NO,716,2,2,2,5000,HIGH,YES,YES,5b30afb744a82b1f90c1e190
AC,30,YES,739,2,4,2,5000,MEDIUM,YES,NO,5b30afb744a82b1f90c1e1a7
AC,50,YES,740,2,5,4,5000,HIGH,YES,YES,5b30afb744a82b1f90c1e1a8
AC,20,YES,749,2,4,2,5000,HIGH,YES,NO,5b30afb744a82b1f90c1e1b1
AC,50,YES,811,2,5,2,5000,HIGH,NO,NO,5b30afb744a82b1f90c1e1ef
AC,40,NO,813,2,4,4,5000,LOW,YES,YES,5b30afb744a82b1f90c1e1f1
AC,20,YES,828,2,4,2,5000,HIGH,YES,NO,5b30afb744a82b1f90c1e200
AC,30,NO,857,2,2,2,5000,HIGH,YES,NO,5b30afb744a82b1f90c1e21d
AC,30,YES,880,2,4,2,5000,MEDIUM,YES,NO,5b30afb744a82b1f90c1e234
AC,50,YES,881,2,5,4,5000,HIGH,YES,YES,5b30afb744a82b1f90c1e235
AC,20,YES,890,2,4,2,5000,HIGH,YES,YES,5b30afb744a82b1f90c1e23e
AC,50,YES,952,2,5,2,5000,HIGH,NO,YES,5b30afb744a82b1f90c1e27c
AC,40,NO,954,2,4,4,5000,LOW,YES,YES,5b30afb744a82b1f90c1e27e
AC,20,YES,969,2,4,2,5000,HIGH,YES,YES,5b30afb744a82b1f90c1e28d
AC,30,NO,1003,2,2,2,5000,HIGH,YES,NO,5b30afb844a82b1f90c1e2af
AC,30,YES,1026,2,4,2,5000,LOW,YES,NO,5b30afb844a82b1f90c1e2c6
AC,50,YES,1027,2,5,4,5000,LOW,YES,NO,5b30afb844a82b1f90c1e2c7
AC,20,YES,1036,2,4,2,5000,HIGH,YES,YES,5b30afb844a82b1f90c1e2d0
AC,20,YES,1115,2,4,2,5000,HIGH,NO,YES,5b30afb844a82b1f90c1e31f
AC,20,YES,1129,2,3,3,5000,MEDIUM,YES,NO,5b30afb844a82b1f90c1e32d
AC,30,YES,1165,2,4,2,5000,MEDIUM,YES,NO,5b30afb844a82b1f90c1e351
AC,50,YES,1166,2,5,4,5000,HIGH,YES,NO,5b30afb844a82b1f90c1e352
AC,20,YES,1175,2,4,2,5000,HIGH,YES,YES,5b30afb844a82b1f90c1e35b
NON AC,50,NO,1098,2,5,2,5000,HIGH,NO,YES,5b30afb844a82b1f90c1e30e
NON AC,40,NO,1100,2,4,4,5000,LOW,YES,NO,5b30afb844a82b1f90c1e310
NON AC,30,YES,1134,2,5,2,5000,LOW,NO,NO,5b30afb844a82b1f90c1e332
AC,35,YES,474,3,4,2,5000,LOW,YES,NO,5b30afb544a82b1f90c1e09e
AC,50,YES,27,3,3,2,5000,HIGH,NO,NO,5b30afb544a82b1f90c1dedf
AC,30,NO,37,3,4,1,5000,HIGH,YES,YES,5b30afb544a82b1f90c1dee9
AC,30,YES,43,3,5,2,5000,HIGH,YES,YES,5b30afb544a82b1f90c1deef
AC,30,NO,50,3,4,4,5000,HIGH,NO,YES,5b30afb544a82b1f90c1def6
AC,20,NO,55,3,4,4,5000,HIGH,YES,YES,5b30afb544a82b1f90c1defb
AC,30,YES,95,3,4,2,5000,HIGH,YES,YES,5b30afb544a82b1f90c1df23
AC,20,YES,97,3,5,3,5000,HIGH,YES,YES,5b30afb544a82b1f90c1df25
AC,50,YES,99,3,3,4,5000,MEDIUM,YES,NO,5b30afb544a82b1f90c1df27
AC,50,YES,179,3,3,2,5000,HIGH,NO,NO,5b30afb544a82b1f90c1df77
AC,30,NO,189,3,4,1,5000,HIGH,YES,YES,5b30afb544a82b1f90c1df81
AC,30,YES,195,3,5,2,5000,HIGH,YES,YES,5b30afb544a82b1f90c1df87
AC,30,NO,202,3,4,4,5000,HIGH,NO,YES,5b30afb544a82b1f90c1df8e
AC,50,YES,229,3,3,2,5000,HIGH,NO,YES,5b30afb544a82b1f90c1dfa9
AC,30,NO,239,3,4,1,5000,HIGH,YES,YES,5b30afb544a82b1f90c1dfb3
AC,30,YES,245,3,5,2,5000,HIGH,YES,YES,5b30afb544a82b1f90c1dfb9
AC,30,NO,252,3,4,4,5000,HIGH,NO,YES,5b30afb544a82b1f90c1dfc0
AC,30,YES,257,3,4,2,5000,HIGH,YES,YES,5b30afb544a82b1f90c1dfc5
AC,30,NO,266,3,3,3,5000,LOW,YES,YES,5b30afb544a82b1f90c1dfce
AC,30,NO,284,3,2,2,5000,HIGH,YES,NO,5b30afb544a82b1f90c1dfe0
AC,50,YES,308,3,5,4,5000,HIGH,YES,NO,5b30afb544a82b1f90c1dff8
AC,20,YES,317,3,4,2,5000,HIGH,NO,NO,5b30afb544a82b1f90c1e001
AC,30,NO,323,3,4,4,5000,HIGH,YES,NO,5b30afb544a82b1f90c1e007
AC,50,YES,352,3,3,2,5000,HIGH,NO,YES,5b30afb544a82b1f90c1e024
AC,30,NO,362,3,4,1,5000,HIGH,YES,NO,5b30afb544a82b1f90c1e02e
AC,30,YES,368,3,5,2,5000,HIGH,YES,NO,5b30afb544a82b1f90c1e034
AC,30,NO,375,3,4,4,5000,HIGH,NO,YES,5b30afb544a82b1f90c1e03b
AC,20,NO,380,3,4,4,5000,HIGH,YES,NO,5b30afb544a82b1f90c1e040
AC,30,YES,420,3,4,2,5000,HIGH,YES,YES,5b30afb544a82b1f90c1e068
AC,20,YES,422,3,5,3,5000,HIGH,YES,YES,5b30afb544a82b1f90c1e06a
AC,50,YES,424,3,3,4,5000,MEDIUM,YES,NO,5b30afb544a82b1f90c1e06c
AC,50,YES,505,3,3,2,5000,HIGH,NO,NO,5b30afb744a82b1f90c1e0bd
AC,30,NO,515,3,4,1,5000,HIGH,YES,YES,5b30afb744a82b1f90c1e0c7
AC,30,YES,521,3,5,2,5000,HIGH,YES,YES,5b30afb744a82b1f90c1e0cd
AC,30,NO,528,3,4,4,5000,HIGH,NO,YES,5b30afb744a82b1f90c1e0d4
AC,20,NO,533,3,4,4,5000,HIGH,YES,YES,5b30afb744a82b1f90c1e0d9
AC,30,YES,573,3,4,2,5000,HIGH,YES,YES,5b30afb744a82b1f90c1e101
AC,20,YES,575,3,5,3,5000,HIGH,YES,YES,5b30afb744a82b1f90c1e103
AC,50,YES,577,3,3,4,5000,MEDIUM,YES,YES,5b30afb744a82b1f90c1e105
AC,30,YES,621,3,5,2,5000,HIGH,YES,YES,5b30afb744a82b1f90c1e131
AC,30,NO,628,3,4,4,5000,HIGH,NO,YES,5b30afb744a82b1f90c1e138
AC,20,NO,633,3,4,4,5000,HIGH,YES,YES,5b30afb744a82b1f90c1e13d
AC,50,YES,734,3,3,2,5000,HIGH,NO,NO,5b30afb744a82b1f90c1e1a2
AC,30,NO,744,3,4,1,5000,HIGH,YES,NO,5b30afb744a82b1f90c1e1ac
AC,30,YES,750,3,5,2,5000,HIGH,YES,NO,5b30afb744a82b1f90c1e1b2
AC,30,NO,757,3,4,4,5000,HIGH,NO,NO,5b30afb744a82b1f90c1e1b9
AC,20,NO,762,3,4,4,5000,HIGH,YES,NO,5b30afb744a82b1f90c1e1be
AC,30,YES,802,3,4,2,5000,HIGH,YES,NO,5b30afb744a82b1f90c1e1e6
AC,20,YES,804,3,5,3,5000,HIGH,YES,NO,5b30afb744a82b1f90c1e1e8
AC,50,YES,806,3,3,4,5000,MEDIUM,YES,YES,5b30afb744a82b1f90c1e1ea
AC,50,YES,875,3,3,2,5000,HIGH,NO,YES,5b30afb744a82b1f90c1e22f
AC,30,NO,885,3,4,1,5000,HIGH,YES,YES,5b30afb744a82b1f90c1e239
AC,30,YES,891,3,5,2,5000,HIGH,YES,YES,5b30afb744a82b1f90c1e23f
AC,30,NO,898,3,4,4,5000,HIGH,NO,YES,5b30afb744a82b1f90c1e246
AC,20,NO,903,3,4,4,5000,HIGH,YES,YES,5b30afb744a82b1f90c1e24b
AC,30,YES,943,3,4,2,5000,HIGH,YES,YES,5b30afb744a82b1f90c1e273
AC,20,YES,945,3,5,3,5000,HIGH,YES,YES,5b30afb744a82b1f90c1e275
AC,50,YES,947,3,3,4,5000,MEDIUM,YES,YES,5b30afb744a82b1f90c1e277
AC,50,YES,1021,3,3,2,5000,HIGH,NO,NO,5b30afb844a82b1f90c1e2c1
AC,30,NO,1031,3,4,1,5000,HIGH,YES,YES,5b30afb844a82b1f90c1e2cb
AC,30,YES,1037,3,5,2,5000,HIGH,YES,YES,5b30afb844a82b1f90c1e2d1
AC,30,NO,1044,3,4,4,5000,HIGH,NO,YES,5b30afb844a82b1f90c1e2d8
AC,20,NO,1049,3,4,4,5000,HIGH,YES,YES,5b30afb844a82b1f90c1e2dd
AC,50,YES,1093,3,3,4,5000,MEDIUM,YES,NO,5b30afb844a82b1f90c1e309
AC,50,YES,1160,3,3,2,5000,HIGH,NO,NO,5b30afb844a82b1f90c1e34c
AC,30,NO,1170,3,4,1,5000,HIGH,YES,NO,5b30afb844a82b1f90c1e356
AC,30,YES,1176,3,5,2,5000,HIGH,YES,YES,5b30afb844a82b1f90c1e35c
AC,30,NO,1183,3,4,4,5000,HIGH,NO,YES,5b30afb844a82b1f90c1e363
AC,20,NO,1188,3,4,4,5000,HIGH,YES,YES,5b30afb844a82b1f90c1e368
NON AC,60,YES,30,3,3,2,5000,HIGH,NO,YES,5b30afb544a82b1f90c1dee2
NON AC,60,YES,182,3,3,2,5000,HIGH,NO,YES,5b30afb544a82b1f90c1df7a
NON AC,60,YES,232,3,3,2,5000,HIGH,NO,YES,5b30afb544a82b1f90c1dfac
NON AC,60,YES,305,3,3,4,5000,HIGH,YES,NO,5b30afb544a82b1f90c1dff5
NON AC,60,YES,355,3,3,2,5000,HIGH,NO,YES,5b30afb544a82b1f90c1e027
NON AC,60,YES,508,3,3,2,5000,HIGH,NO,NO,5b30afb744a82b1f90c1e0c0
NON AC,60,YES,737,3,3,2,5000,HIGH,NO,NO,5b30afb744a82b1f90c1e1a5
NON AC,60,YES,878,3,3,2,5000,HIGH,NO,YES,5b30afb744a82b1f90c1e232
NON AC,60,YES,1024,3,3,2,5000,LOW,NO,NO,5b30afb844a82b1f90c1e2c4
NON AC,30,YES,1089,3,4,2,5000,HIGH,YES,YES,5b30afb844a82b1f90c1e305
NON AC,20,YES,1091,3,5,3,5000,HIGH,YES,YES,5b30afb844a82b1f90c1e307
NON AC,60,YES,1163,3,3,2,5000,HIGH,NO,NO,5b30afb844a82b1f90c1e34f
AC,37,YES,153,4,3,3,5000,HIGH,NO,YES,5b30afb544a82b1f90c1df5c
AC,30,YES,48,4,4,4,5000,HIGH,NO,YES,5b30afb544a82b1f90c1def4
AC,30,NO,62,4,5,1,5000,MEDIUM,YES,YES,5b30afb544a82b1f90c1df02
AC,20,YES,82,4,4,5,5000,HIGH,YES,YES,5b30afb544a82b1f90c1df16
AC,40,YES,100,4,4,2,5000,HIGH,YES,YES,5b30afb544a82b1f90c1df28
AC,30,YES,119,4,2,4,5000,MEDIUM,NO,NO,5b30afb544a82b1f90c1df3b
AC,30,YES,200,4,4,4,5000,HIGH,NO,YES,5b30afb544a82b1f90c1df8c
AC,30,YES,250,4,4,4,5000,HIGH,NO,YES,5b30afb544a82b1f90c1dfbe
AC,20,NO,322,4,3,4,5000,HIGH,NO,YES,5b30afb544a82b1f90c1e006
AC,30,YES,373,4,4,4,5000,HIGH,NO,YES,5b30afb544a82b1f90c1e039
AC,30,NO,387,4,5,1,5000,MEDIUM,YES,YES,5b30afb544a82b1f90c1e047
AC,20,YES,407,4,4,5,5000,HIGH,YES,NO,5b30afb544a82b1f90c1e05b
AC,40,YES,425,4,4,2,5000,HIGH,YES,NO,5b30afb544a82b1f90c1e06d
AC,30,YES,444,4,2,4,5000,MEDIUM,NO,YES,5b30afb544a82b1f90c1e080
AC,30,YES,526,4,4,4,5000,HIGH,NO,YES,5b30afb744a82b1f90c1e0d2
AC,30,NO,540,4,5,1,5000,MEDIUM,YES,NO,5b30afb744a82b1f90c1e0e0
AC,20,YES,560,4,4,5,5000,HIGH,YES,YES,5b30afb744a82b1f90c1e0f4
AC,40,YES,578,4,4,2,5000,HIGH,YES,YES,5b30afb744a82b1f90c1e106
AC,30,YES,597,4,2,4,5000,MEDIUM,NO,YES,5b30afb744a82b1f90c1e119
AC,30,YES,626,4,4,4,5000,HIGH,NO,YES,5b30afb744a82b1f90c1e136
AC,30,NO,640,4,5,1,5000,MEDIUM,YES,YES,5b30afb744a82b1f90c1e144
AC,20,YES,660,4,4,5,5000,HIGH,YES,NO,5b30afb744a82b1f90c1e158
AC,30,YES,755,4,4,4,5000,HIGH,NO,YES,5b30afb744a82b1f90c1e1b7
AC,30,NO,769,4,5,1,5000,MEDIUM,YES,YES,5b30afb744a82b1f90c1e1c5
AC,20,YES,789,4,4,5,5000,HIGH,YES,NO,5b30afb744a82b1f90c1e1d9
AC,40,YES,807,4,4,2,5000,HIGH,YES,NO,5b30afb744a82b1f90c1e1eb
AC,30,YES,826,4,2,4,5000,MEDIUM,NO,YES,5b30afb744a82b1f90c1e1fe
AC,30,YES,896,4,4,4,5000,HIGH,NO,YES,5b30afb744a82b1f90c1e244
AC,30,NO,910,4,5,1,5000,MEDIUM,YES,YES,5b30afb744a82b1f90c1e252
AC,20,YES,930,4,4,5,5000,HIGH,YES,NO,5b30afb744a82b1f90c1e266
AC,40,YES,948,4,4,2,5000,HIGH,YES,NO,5b30afb744a82b1f90c1e278
AC,30,YES,967,4,2,4,5000,MEDIUM,NO,YES,5b30afb744a82b1f90c1e28b
AC,30,YES,1042,4,4,4,5000,HIGH,NO,YES,5b30afb844a82b1f90c1e2d6
AC,30,NO,1056,4,5,1,5000,MEDIUM,YES,YES,5b30afb844a82b1f90c1e2e4
AC,20,YES,1076,4,4,5,5000,HIGH,YES,YES,5b30afb844a82b1f90c1e2f8
AC,40,YES,1094,4,4,2,5000,HIGH,YES,YES,5b30afb844a82b1f90c1e30a
AC,30,YES,1113,4,2,4,5000,MEDIUM,NO,NO,5b30afb844a82b1f90c1e31d
AC,30,YES,1181,4,4,4,5000,HIGH,NO,NO,5b30afb844a82b1f90c1e361
AC,30,NO,1195,4,5,1,5000,MEDIUM,YES,NO,5b30afb844a82b1f90c1e36f
NON AC,20,YES,10,4,2,2,5000,HIGH,YES,NO,5b30afb544a82b1f90c1dece
NON AC,20,YES,163,4,2,2,5000,HIGH,YES,YES,5b30afb544a82b1f90c1df66
NON AC,20,YES,212,4,2,2,5000,HIGH,YES,YES,5b30afb544a82b1f90c1df98
NON AC,40,NO,267,4,4,4,5000,MEDIUM,YES,NO,5b30afb544a82b1f90c1dfcf
NON AC,40,NO,272,4,5,2,5000,MEDIUM,YES,YES,5b30afb544a82b1f90c1dfd4
NON AC,50,NO,302,4,3,4,5000,HIGH,YES,YES,5b30afb544a82b1f90c1dff2
NON AC,20,YES,335,4,2,2,5000,HIGH,YES,NO,5b30afb544a82b1f90c1e013
NON AC,20,YES,488,4,2,2,5000,HIGH,YES,NO,5b30afb544a82b1f90c1e0ac
NON AC,30,YES,683,4,4,2,5000,MEDIUM,NO,NO,5b30afb744a82b1f90c1e16f
NON AC,20,YES,717,4,2,2,5000,HIGH,YES,NO,5b30afb744a82b1f90c1e191
NON AC,20,YES,858,4,2,2,5000,HIGH,YES,YES,5b30afb744a82b1f90c1e21e
NON AC,20,YES,1004,4,2,2,5000,HIGH,YES,NO,5b30afb844a82b1f90c1e2b0
AC,20,NO,47,5,3,4,5000,HIGH,NO,YES,5b30afb544a82b1f90c1def3
AC,20,NO,94,5,3,2,5000,HIGH,NO,YES,5b30afb544a82b1f90c1df22
AC,20,NO,199,5,3,4,5000,HIGH,NO,YES,5b30afb544a82b1f90c1df8b
AC,20,NO,249,5,3,4,5000,HIGH,NO,YES,5b30afb544a82b1f90c1dfbd
AC,20,NO,256,5,3,2,5000,HIGH,NO,NO,5b30afb544a82b1f90c1dfc4
AC,20,NO,372,5,3,4,5000,HIGH,NO,NO,5b30afb544a82b1f90c1e038
AC,20,NO,419,5,3,2,5000,HIGH,NO,NO,5b30afb544a82b1f90c1e067
AC,20,NO,525,5,3,4,5000,HIGH,NO,YES,5b30afb744a82b1f90c1e0d1
AC,20,NO,572,5,3,2,5000,HIGH,NO,NO,5b30afb744a82b1f90c1e100
AC,20,NO,625,5,3,4,5000,HIGH,NO,NO,5b30afb744a82b1f90c1e135
AC,20,NO,754,5,3,4,5000,HIGH,NO,NO,5b30afb744a82b1f90c1e1b6
AC,20,NO,801,5,3,2,5000,HIGH,NO,NO,5b30afb744a82b1f90c1e1e5
AC,20,NO,895,5,3,4,5000,HIGH,NO,YES,5b30afb744a82b1f90c1e243
AC,20,NO,942,5,3,2,5000,HIGH,NO,YES,5b30afb744a82b1f90c1e272
AC,20,NO,1041,5,3,4,5000,HIGH,NO,YES,5b30afb844a82b1f90c1e2d5
AC,20,NO,1180,5,3,4,5000,HIGH,NO,YES,5b30afb844a82b1f90c1e360
NON AC,20,YES,285,5,2,2,5000,HIGH,NO,YES,5b30afb544a82b1f90c1dfe1
NON AC,20,NO,1088,5,3,2,5000,HIGH,NO,YES,5b30afb844a82b1f90c1e304
AC,43,YES,1140,3,3,2,4200,HIGH,NO,YES,5b30afb844a82b1f90c1e338
AC,30,NO,1144,3,5,2,4200,HIGH,YES,YES,5b30afb844a82b1f90c1e33c
NON AC,48,YES,1145,1,4,2,4000,LOW,NO,NO,5b30afb844a82b1f90c1e33d
AC,50,YES,36,1,4,1,4000,MEDIUM,YES,NO,5b30afb544a82b1f90c1dee8
AC,30,YES,81,1,2,1,4000,HIGH,YES,NO,5b30afb544a82b1f90c1df15
AC,20,YES,86,1,2,1,4000,HIGH,YES,NO,5b30afb544a82b1f90c1df1a
AC,20,YES,91,1,3,1,4000,MEDIUM,YES,YES,5b30afb544a82b1f90c1df1f
AC,20,YES,92,1,5,2,4000,HIGH,YES,NO,5b30afb544a82b1f90c1df20
AC,20,NO,130,1,4,2,4000,MEDIUM,YES,YES,5b30afb544a82b1f90c1df46
AC,50,YES,188,1,4,1,4000,MEDIUM,YES,NO,5b30afb544a82b1f90c1df80
AC,50,YES,238,1,4,1,4000,MEDIUM,YES,NO,5b30afb544a82b1f90c1dfb2
AC,20,YES,254,1,5,2,4000,HIGH,YES,YES,5b30afb544a82b1f90c1dfc2
AC,30,YES,269,1,3,2,4000,MEDIUM,NO,NO,5b30afb544a82b1f90c1dfd1
AC,30,YES,301,1,5,1,4000,MEDIUM,YES,YES,5b30afb544a82b1f90c1dff1
AC,30,NO,318,1,5,2,4000,HIGH,YES,YES,5b30afb544a82b1f90c1e002
AC,50,YES,361,1,4,1,4000,MEDIUM,YES,NO,5b30afb544a82b1f90c1e02d
AC,30,YES,406,1,2,1,4000,HIGH,YES,NO,5b30afb544a82b1f90c1e05a
AC,20,YES,411,1,2,1,4000,HIGH,YES,YES,5b30afb544a82b1f90c1e05f
AC,20,YES,416,1,3,1,4000,MEDIUM,YES,YES,5b30afb544a82b1f90c1e064
AC,20,YES,417,1,5,2,4000,HIGH,YES,YES,5b30afb544a82b1f90c1e065
AC,20,NO,455,1,4,2,4000,MEDIUM,YES,YES,5b30afb544a82b1f90c1e08b
AC,50,YES,514,1,4,1,4000,MEDIUM,YES,NO,5b30afb744a82b1f90c1e0c6
AC,30,YES,559,1,2,1,4000,HIGH,YES,NO,5b30afb744a82b1f90c1e0f3
AC,20,YES,564,1,2,1,4000,HIGH,YES,NO,5b30afb744a82b1f90c1e0f8
AC,20,YES,569,1,3,1,4000,MEDIUM,YES,NO,5b30afb744a82b1f90c1e0fd
AC,20,YES,570,1,5,2,4000,HIGH,YES,NO,5b30afb744a82b1f90c1e0fe
AC,20,NO,608,1,4,2,4000,MEDIUM,YES,NO,5b30afb744a82b1f90c1e124
AC,30,YES,659,1,2,1,4000,HIGH,YES,YES,5b30afb744a82b1f90c1e157
AC,20,YES,664,1,2,1,4000,HIGH,YES,NO,5b30afb744a82b1f90c1e15c
AC,20,YES,669,1,3,1,4000,MEDIUM,YES,YES,5b30afb744a82b1f90c1e161
AC,20,YES,670,1,5,2,4000,HIGH,YES,NO,5b30afb744a82b1f90c1e162
AC,50,YES,743,1,4,1,4000,MEDIUM,YES,NO,5b30afb744a82b1f90c1e1ab
AC,30,YES,788,1,2,1,4000,HIGH,YES,YES,5b30afb744a82b1f90c1e1d8
AC,20,YES,793,1,2,1,4000,HIGH,YES,NO,5b30afb744a82b1f90c1e1dd
AC,20,YES,798,1,3,1,4000,MEDIUM,YES,YES,5b30afb744a82b1f90c1e1e2
AC,20,YES,799,1,5,2,4000,HIGH,YES,YES,5b30afb744a82b1f90c1e1e3
AC,20,NO,837,1,4,2,4000,MEDIUM,YES,YES,5b30afb744a82b1f90c1e209
AC,50,YES,884,1,4,1,4000,MEDIUM,YES,YES,5b30afb744a82b1f90c1e238
AC,30,YES,929,1,2,1,4000,HIGH,YES,YES,5b30afb744a82b1f90c1e265
AC,20,YES,934,1,2,1,4000,HIGH,YES,YES,5b30afb744a82b1f90c1e26a
AC,20,YES,939,1,3,1,4000,MEDIUM,YES,YES,5b30afb744a82b1f90c1e26f
AC,20,YES,940,1,5,2,4000,HIGH,YES,YES,5b30afb744a82b1f90c1e270
AC,20,NO,978,1,4,2,4000,MEDIUM,YES,NO,5b30afb744a82b1f90c1e296
AC,50,YES,1030,1,4,1,4000,MEDIUM,YES,NO,5b30afb844a82b1f90c1e2ca
AC,30,YES,1075,1,2,1,4000,HIGH,YES,NO,5b30afb844a82b1f90c1e2f7
AC,20,YES,1080,1,2,1,4000,HIGH,YES,NO,5b30afb844a82b1f90c1e2fc
AC,20,YES,1085,1,3,1,4000,MEDIUM,YES,YES,5b30afb844a82b1f90c1e301
AC,20,YES,1086,1,5,2,4000,HIGH,YES,NO,5b30afb844a82b1f90c1e302
AC,20,NO,1124,1,4,2,4000,MEDIUM,YES,YES,5b30afb844a82b1f90c1e328
AC,50,YES,1169,1,4,1,4000,MEDIUM,YES,YES,5b30afb844a82b1f90c1e355
AC,20,YES,5,2,5,2,4000,MEDIUM,YES,YES,5b30afb544a82b1f90c1dec9
AC,30,YES,20,2,4,2,4000,MEDIUM,YES,YES,5b30afb544a82b1f90c1ded8
AC,30,NO,26,2,5,1,4000,MEDIUM,YES,YES,5b30afb544a82b1f90c1dede
AC,50,YES,29,2,5,1,4000,LOW,YES,YES,5b30afb544a82b1f90c1dee1
AC,30,YES,35,2,2,2,4000,HIGH,YES,YES,5b30afb544a82b1f90c1dee7
AC,30,YES,78,2,4,4,4000,HIGH,YES,YES,5b30afb544a82b1f90c1df12
AC,40,YES,96,2,5,2,4000,HIGH,NO,NO,5b30afb544a82b1f90c1df24
AC,30,YES,117,2,3,2,4000,HIGH,YES,YES,5b30afb544a82b1f90c1df39
AC,20,NO,132,2,3,4,4000,HIGH,NO,YES,5b30afb544a82b1f90c1df48
AC,20,YES,133,2,4,2,4000,LOW,YES,YES,5b30afb544a82b1f90c1df49
AC,30,YES,136,2,4,4,4000,HIGH,YES,YES,5b30afb544a82b1f90c1df4c
AC,29,YES,146,2,3,2,4000,MEDIUM,YES,YES,5b30afb544a82b1f90c1df55
AC,20,YES,158,2,5,2,4000,MEDIUM,YES,NO,5b30afb544a82b1f90c1df61
AC,30,YES,172,2,4,2,4000,MEDIUM,YES,YES,5b30afb544a82b1f90c1df70
AC,30,NO,178,2,5,1,4000,MEDIUM,YES,YES,5b30afb544a82b1f90c1df76
AC,50,YES,181,2,5,1,4000,LOW,YES,YES,5b30afb544a82b1f90c1df79
AC,30,YES,187,2,2,2,4000,HIGH,YES,YES,5b30afb544a82b1f90c1df7f
AC,20,YES,207,2,5,2,4000,MEDIUM,YES,YES,5b30afb544a82b1f90c1df93
AC,30,YES,222,2,4,2,4000,MEDIUM,YES,YES,5b30afb544a82b1f90c1dfa2
AC,30,NO,228,2,5,1,4000,MEDIUM,YES,YES,5b30afb544a82b1f90c1dfa8
AC,50,YES,231,2,5,1,4000,LOW,YES,NO,5b30afb544a82b1f90c1dfab
AC,30,YES,237,2,2,2,4000,HIGH,YES,NO,5b30afb544a82b1f90c1dfb1
AC,20,NO,265,2,3,2,4000,HIGH,YES,YES,5b30afb544a82b1f90c1dfcd
AC,20,YES,274,2,3,2,4000,LOW,NO,YES,5b30afb544a82b1f90c1dfd6
AC,20,YES,280,2,5,2,4000,MEDIUM,YES,NO,5b30afb544a82b1f90c1dfdc
AC,20,YES,288,2,5,2,4000,MEDIUM,YES,NO,5b30afb544a82b1f90c1dfe4
AC,20,YES,330,2,5,2,4000,MEDIUM,YES,NO,5b30afb544a82b1f90c1e00e
AC,30,YES,345,2,4,2,4000,MEDIUM,YES,YES,5b30afb544a82b1f90c1e01d
AC,30,NO,351,2,5,1,4000,MEDIUM,YES,YES,5b30afb544a82b1f90c1e023
AC,50,YES,354,2,5,1,4000,LOW,YES,NO,5b30afb544a82b1f90c1e026
AC,30,YES,360,2,2,2,4000,HIGH,YES,NO,5b30afb544a82b1f90c1e02c
AC,30,YES,403,2,4,4,4000,HIGH,YES,NO,5b30afb544a82b1f90c1e057
AC,40,YES,421,2,5,2,4000,HIGH,NO,YES,5b30afb544a82b1f90c1e069
AC,30,YES,442,2,3,2,4000,HIGH,YES,NO,5b30afb544a82b1f90c1e07e
AC,20,NO,457,2,3,4,4000,HIGH,NO,YES,5b30afb544a82b1f90c1e08d
AC,20,YES,458,2,4,2,4000,LOW,YES,NO,5b30afb544a82b1f90c1e08e
AC,30,YES,461,2,4,4,4000,HIGH,YES,YES,5b30afb544a82b1f90c1e091
AC,29,YES,470,2,3,2,4000,MEDIUM,YES,NO,5b30afb544a82b1f90c1e09a
AC,40,NO,475,2,3,2,4000,HIGH,YES,YES,5b30afb544a82b1f90c1e09f
AC,20,YES,483,2,5,2,4000,MEDIUM,YES,NO,5b30afb544a82b1f90c1e0a7
AC,30,YES,498,2,4,2,4000,MEDIUM,YES,YES,5b30afb544a82b1f90c1e0b6
AC,30,NO,504,2,5,1,4000,MEDIUM,YES,NO,5b30afb744a82b1f90c1e0bc
AC,50,YES,507,2,5,1,4000,LOW,YES,YES,5b30afb744a82b1f90c1e0bf
AC,30,YES,513,2,2,2,4000,HIGH,YES,NO,5b30afb744a82b1f90c1e0c5
AC,30,YES,556,2,4,4,4000,HIGH,YES,YES,5b30afb744a82b1f90c1e0f0
AC,40,YES,574,2,5,2,4000,HIGH,NO,YES,5b30afb744a82b1f90c1e102
AC,30,YES,595,2,3,2,4000,HIGH,YES,YES,5b30afb744a82b1f90c1e117
AC,20,NO,610,2,3,4,4000,HIGH,NO,YES,5b30afb744a82b1f90c1e126
AC,20,YES,611,2,4,2,4000,LOW,YES,YES,5b30afb744a82b1f90c1e127
AC,30,YES,614,2,4,4,4000,HIGH,YES,YES,5b30afb744a82b1f90c1e12a
AC,30,YES,656,2,4,4,4000,HIGH,YES,YES,5b30afb744a82b1f90c1e154
AC,20,YES,712,2,5,2,4000,MEDIUM,YES,NO,5b30afb744a82b1f90c1e18c
AC,30,YES,727,2,4,2,4000,MEDIUM,YES,YES,5b30afb744a82b1f90c1e19b
AC,30,NO,733,2,5,1,4000,MEDIUM,YES,YES,5b30afb744a82b1f90c1e1a1
AC,50,YES,736,2,5,1,4000,LOW,YES,YES,5b30afb744a82b1f90c1e1a4
AC,30,YES,742,2,2,2,4000,HIGH,YES,NO,5b30afb744a82b1f90c1e1aa
AC,30,YES,785,2,4,4,4000,HIGH,YES,YES,5b30afb744a82b1f90c1e1d5
AC,40,YES,803,2,5,2,4000,HIGH,NO,NO,5b30afb744a82b1f90c1e1e7
AC,30,YES,824,2,3,2,4000,HIGH,YES,YES,5b30afb744a82b1f90c1e1fc
AC,20,NO,839,2,3,4,4000,HIGH,NO,NO,5b30afb744a82b1f90c1e20b
AC,20,YES,840,2,4,2,4000,LOW,YES,NO,5b30afb744a82b1f90c1e20c
AC,30,YES,843,2,4,4,4000,HIGH,YES,NO,5b30afb744a82b1f90c1e20f
AC,20,YES,853,2,5,2,4000,MEDIUM,YES,NO,5b30afb744a82b1f90c1e219
AC,30,YES,868,2,4,2,4000,MEDIUM,YES,YES,5b30afb744a82b1f90c1e228
AC,30,NO,874,2,5,1,4000,MEDIUM,YES,YES,5b30afb744a82b1f90c1e22e
AC,50,YES,877,2,5,1,4000,LOW,YES,YES,5b30afb744a82b1f90c1e231
AC,30,YES,883,2,2,2,4000,HIGH,YES,YES,5b30afb744a82b1f90c1e237
AC,30,YES,926,2,4,4,4000,HIGH,YES,NO,5b30afb744a82b1f90c1e262
AC,40,YES,944,2,5,2,4000,HIGH,NO,YES,5b30afb744a82b1f90c1e274
AC,30,YES,965,2,3,2,4000,HIGH,YES,NO,5b30afb744a82b1f90c1e289
AC,20,NO,980,2,3,4,4000,HIGH,NO,NO,5b30afb744a82b1f90c1e298
AC,20,YES,981,2,4,2,4000,LOW,YES,YES,5b30afb744a82b1f90c1e299
AC,30,YES,984,2,4,4,4000,HIGH,YES,YES,5b30afb744a82b1f90c1e29c
AC,20,YES,994,2,5,2,4000,MEDIUM,YES,YES,5b30afb744a82b1f90c1e2a6
AC,20,YES,999,2,5,2,4000,MEDIUM,YES,YES,5b30afb744a82b1f90c1e2ab
AC,30,YES,1014,2,4,2,4000,MEDIUM,YES,YES,5b30afb844a82b1f90c1e2ba
AC,30,NO,1020,2,5,1,4000,MEDIUM,YES,YES,5b30afb844a82b1f90c1e2c0
AC,50,YES,1023,2,5,1,4000,LOW,YES,NO,5b30afb844a82b1f90c1e2c3
AC,30,YES,1029,2,2,2,4000,HIGH,YES,NO,5b30afb844a82b1f90c1e2c9
AC,30,YES,1111,2,3,2,4000,HIGH,YES,YES,5b30afb844a82b1f90c1e31b
AC,20,NO,1126,2,3,4,4000,HIGH,NO,YES,5b30afb844a82b1f90c1e32a
AC,20,YES,1127,2,4,2,4000,LOW,YES,YES,5b30afb844a82b1f90c1e32b
AC,30,YES,1130,2,4,4,4000,HIGH,YES,YES,5b30afb844a82b1f90c1e32e
AC,28,YES,1141,2,4,2,4000,MEDIUM,YES,NO,5b30afb844a82b1f90c1e339
AC,30,YES,1153,2,4,2,4000,MEDIUM,YES,NO,5b30afb844a82b1f90c1e345
AC,30,NO,1159,2,5,1,4000,MEDIUM,YES,YES,5b30afb844a82b1f90c1e34b
AC,50,YES,1162,2,5,1,4000,LOW,YES,YES,5b30afb844a82b1f90c1e34e
AC,30,YES,1168,2,2,2,4000,HIGH,YES,YES,5b30afb844a82b1f90c1e354
AC,30,YES,1211,2,4,4,4000,HIGH,YES,YES,5b30afb844a82b1f90c1e37f
NON AC,40,NO,151,2,4,3,4000,MEDIUM,YES,NO,5b30afb544a82b1f90c1df5a
NON AC,40,YES,319,2,2,4,4000,HIGH,NO,NO,5b30afb544a82b1f90c1e003
NON AC,20,YES,702,2,3,1,4000,MEDIUM,NO,YES,5b30afb744a82b1f90c1e182
NON AC,30,YES,1072,2,4,4,4000,HIGH,YES,YES,5b30afb844a82b1f90c1e2f4
NON AC,40,YES,1090,2,5,2,4000,HIGH,NO,NO,5b30afb844a82b1f90c1e306
NON AC,30,YES,1139,3,4,3,4000,MEDIUM,YES,YES,5b30afb844a82b1f90c1e337
AC,40,NO,12,3,3,1,4000,LOW,YES,YES,5b30afb544a82b1f90c1ded0
AC,20,NO,13,3,5,2,4000,MEDIUM,YES,YES,5b30afb544a82b1f90c1ded1
AC,40,YES,16,3,5,2,4000,HIGH,YES,YES,5b30afb544a82b1f90c1ded4
AC,40,YES,24,3,4,4,4000,MEDIUM,YES,YES,5b30afb544a82b1f90c1dedc
AC,20,NO,40,3,3,2,4000,MEDIUM,YES,YES,5b30afb544a82b1f90c1deec
AC,20,NO,58,3,5,2,4000,MEDIUM,YES,YES,5b30afb544a82b1f90c1defe
AC,20,YES,65,3,4,2,4000,MEDIUM,YES,YES,5b30afb544a82b1f90c1df05
AC,20,YES,67,3,3,4,4000,HIGH,YES,YES,5b30afb544a82b1f90c1df07
AC,20,YES,85,3,4,2,4000,MEDIUM,YES,YES,5b30afb544a82b1f90c1df19
AC,30,YES,98,3,3,2,4000,MEDIUM,NO,YES,5b30afb544a82b1f90c1df26
AC,30,YES,102,3,3,3,4000,MEDIUM,YES,NO,5b30afb544a82b1f90c1df2a
AC,30,YES,108,3,4,3,4000,MEDIUM,YES,YES,5b30afb544a82b1f90c1df30
AC,30,YES,109,3,3,2,4000,MEDIUM,NO,YES,5b30afb544a82b1f90c1df31
AC,30,NO,113,3,5,2,4000,MEDIUM,YES,NO,5b30afb544a82b1f90c1df35
AC,35,YES,142,3,3,2,4000,MEDIUM,NO,YES,5b30afb544a82b1f90c1df52
AC,40,NO,165,3,3,1,4000,LOW,YES,YES,5b30afb544a82b1f90c1df68
AC,20,NO,166,3,5,2,4000,MEDIUM,YES,YES,5b30afb544a82b1f90c1df69
AC,40,YES,168,3,5,2,4000,HIGH,YES,YES,5b30afb544a82b1f90c1df6c
AC,40,YES,176,3,4,4,4000,MEDIUM,YES,YES,5b30afb544a82b1f90c1df74
AC,20,NO,192,3,3,2,4000,MEDIUM,YES,YES,5b30afb544a82b1f90c1df84
AC,40,NO,214,3,3,1,4000,LOW,YES,YES,5b30afb544a82b1f90c1df9a
AC,20,NO,215,3,5,2,4000,MEDIUM,YES,YES,5b30afb544a82b1f90c1df9b
AC,40,YES,218,3,5,2,4000,HIGH,YES,YES,5b30afb544a82b1f90c1df9e
AC,40,YES,226,3,4,4,4000,MEDIUM,YES,YES,5b30afb544a82b1f90c1dfa6
AC,20,NO,242,3,3,2,4000,MEDIUM,YES,YES,5b30afb544a82b1f90c1dfb6
AC,40,NO,258,3,3,1,4000,LOW,YES,NO,5b30afb544a82b1f90c1dfc6
AC,20,NO,259,3,5,2,4000,MEDIUM,YES,NO,5b30afb544a82b1f90c1dfc7
AC,40,YES,262,3,5,2,4000,HIGH,YES,NO,5b30afb544a82b1f90c1dfca
AC,40,YES,271,3,5,2,4000,HIGH,NO,NO,5b30afb544a82b1f90c1dfd3
AC,40,NO,281,3,3,4,4000,LOW,YES,YES,5b30afb544a82b1f90c1dfdd
AC,30,NO,295,3,4,2,4000,MEDIUM,NO,YES,5b30afb544a82b1f90c1dfeb
AC,30,YES,310,3,2,2,4000,HIGH,YES,NO,5b30afb544a82b1f90c1dffa
AC,40,NO,337,3,3,1,4000,LOW,YES,YES,5b30afb544a82b1f90c1e015
AC,20,NO,338,3,5,2,4000,MEDIUM,YES,NO,5b30afb544a82b1f90c1e016
AC,40,YES,341,3,5,2,4000,HIGH,YES,YES,5b30afb544a82b1f90c1e019
AC,40,YES,349,3,4,4,4000,MEDIUM,YES,YES,5b30afb544a82b1f90c1e021
AC,20,NO,365,3,3,2,4000,MEDIUM,YES,YES,5b30afb544a82b1f90c1e031
AC,20,NO,383,3,5,2,4000,MEDIUM,YES,YES,5b30afb544a82b1f90c1e043
AC,20,YES,390,3,4,2,4000,MEDIUM,YES,NO,5b30afb544a82b1f90c1e04a
AC,20,YES,392,3,3,4,4000,HIGH,YES,NO,5b30afb544a82b1f90c1e04c
AC,20,YES,410,3,4,2,4000,MEDIUM,YES,YES,5b30afb544a82b1f90c1e05e
AC,30,YES,423,3,3,2,4000,MEDIUM,NO,NO,5b30afb544a82b1f90c1e06b
AC,30,YES,427,3,3,3,4000,MEDIUM,YES,NO,5b30afb544a82b1f90c1e06f
AC,30,YES,433,3,4,3,4000,MEDIUM,YES,YES,5b30afb544a82b1f90c1e075
AC,30,YES,434,3,3,2,4000,MEDIUM,NO,NO,5b30afb544a82b1f90c1e076
AC,30,NO,438,3,5,2,4000,MEDIUM,YES,YES,5b30afb544a82b1f90c1e07a
AC,35,YES,467,3,3,2,4000,MEDIUM,NO,YES,5b30afb544a82b1f90c1e097
AC,30,YES,476,3,3,1,4000,HIGH,YES,YES,5b30afb544a82b1f90c1e0a0
AC,40,NO,490,3,3,1,4000,LOW,YES,NO,5b30afb544a82b1f90c1e0ae
AC,20,NO,491,3,5,2,4000,MEDIUM,YES,YES,5b30afb544a82b1f90c1e0af
AC,40,YES,494,3,5,2,4000,HIGH,YES,YES,5b30afb544a82b1f90c1e0b2
AC,40,YES,502,3,4,4,4000,MEDIUM,YES,YES,5b30afb744a82b1f90c1e0ba
AC,20,NO,518,3,3,2,4000,MEDIUM,YES,YES,5b30afb744a82b1f90c1e0ca
AC,20,NO,536,3,5,2,4000,MEDIUM,YES,YES,5b30afb744a82b1f90c1e0dc
AC,20,YES,543,3,4,2,4000,MEDIUM,YES,NO,5b30afb744a82b1f90c1e0e3
AC,20,YES,545,3,3,4,4000,HIGH,YES,YES,5b30afb744a82b1f90c1e0e5
AC,20,YES,563,3,4,2,4000,MEDIUM,YES,NO,5b30afb744a82b1f90c1e0f7
AC,30,YES,576,3,3,2,4000,MEDIUM,NO,NO,5b30afb744a82b1f90c1e104
AC,30,YES,580,3,3,3,4000,MEDIUM,YES,YES,5b30afb744a82b1f90c1e108
AC,30,YES,586,3,4,3,4000,MEDIUM,YES,YES,5b30afb744a82b1f90c1e10e
AC,30,YES,587,3,3,2,4000,MEDIUM,NO,NO,5b30afb744a82b1f90c1e10f
AC,30,NO,591,3,5,2,4000,MEDIUM,YES,YES,5b30afb744a82b1f90c1e113
AC,20,NO,636,3,5,2,4000,MEDIUM,YES,YES,5b30afb744a82b1f90c1e140
AC,20,YES,643,3,4,2,4000,MEDIUM,YES,YES,5b30afb744a82b1f90c1e147
AC,20,YES,645,3,3,4,4000,HIGH,YES,YES,5b30afb744a82b1f90c1e149
AC,20,YES,663,3,4,2,4000,MEDIUM,YES,YES,5b30afb744a82b1f90c1e15b
AC,20,YES,671,3,5,2,4000,LOW,YES,YES,5b30afb744a82b1f90c1e163
AC,20,YES,689,3,5,2,4000,MEDIUM,YES,NO,5b30afb744a82b1f90c1e175
AC,40,NO,719,3,3,1,4000,LOW,YES,YES,5b30afb744a82b1f90c1e193
AC,20,NO,720,3,5,2,4000,MEDIUM,YES,NO,5b30afb744a82b1f90c1e194
AC,40,YES,723,3,5,2,4000,HIGH,YES,NO,5b30afb744a82b1f90c1e197
AC,40,YES,731,3,4,4,4000,MEDIUM,YES,NO,5b30afb744a82b1f90c1e19f
AC,20,NO,747,3,3,2,4000,MEDIUM,YES,NO,5b30afb744a82b1f90c1e1af
AC,20,NO,765,3,5,2,4000,MEDIUM,YES,NO,5b30afb744a82b1f90c1e1c1
AC,20,YES,772,3,4,2,4000,MEDIUM,YES,NO,5b30afb744a82b1f90c1e1c8
AC,20,YES,774,3,3,4,4000,HIGH,YES,NO,5b30afb744a82b1f90c1e1ca
AC,20,YES,792,3,4,2,4000,MEDIUM,YES,NO,5b30afb744a82b1f90c1e1dc
AC,30,YES,805,3,3,2,4000,MEDIUM,NO,YES,5b30afb744a82b1f90c1e1e9
AC,30,YES,809,3,3,3,4000,MEDIUM,YES,YES,5b30afb744a82b1f90c1e1ed
AC,30,YES,815,3,4,3,4000,MEDIUM,YES,NO,5b30afb744a82b1f90c1e1f3
AC,30,YES,816,3,3,2,4000,MEDIUM,NO,NO,5b30afb744a82b1f90c1e1f4
AC,30,NO,820,3,5,2,4000,MEDIUM,YES,YES,5b30afb744a82b1f90c1e1f8
AC,40,NO,860,3,3,1,4000,LOW,YES,YES,5b30afb744a82b1f90c1e220
AC,20,NO,861,3,5,2,4000,MEDIUM,YES,YES,5b30afb744a82b1f90c1e221
AC,40,YES,864,3,5,2,4000,HIGH,YES,YES,5b30afb744a82b1f90c1e224
AC,40,YES,872,3,4,4,4000,MEDIUM,YES,YES,5b30afb744a82b1f90c1e22c
AC,20,NO,888,3,3,2,4000,MEDIUM,YES,YES,5b30afb744a82b1f90c1e23c
AC,20,NO,906,3,5,2,4000,MEDIUM,YES,YES,5b30afb744a82b1f90c1e24e
AC,20,YES,913,3,4,2,4000,MEDIUM,YES,YES,5b30afb744a82b1f90c1e255
AC,20,YES,915,3,3,4,4000,HIGH,YES,NO,5b30afb744a82b1f90c1e257
AC,20,YES,933,3,4,2,4000,MEDIUM,YES,YES,5b30afb744a82b1f90c1e269
AC,30,YES,946,3,3,2,4000,MEDIUM,NO,YES,5b30afb744a82b1f90c1e276
AC,30,YES,950,3,3,3,4000,MEDIUM,YES,YES,5b30afb744a82b1f90c1e27a
AC,30,YES,956,3,4,3,4000,MEDIUM,YES,YES,5b30afb744a82b1f90c1e280
AC,30,YES,957,3,3,2,4000,MEDIUM,NO,YES,5b30afb744a82b1f90c1e281
AC,30,NO,961,3,5,2,4000,MEDIUM,YES,NO,5b30afb744a82b1f90c1e285
AC,40,NO,1006,3,3,1,4000,LOW,YES,YES,5b30afb844a82b1f90c1e2b2
AC,20,NO,1007,3,5,2,4000,MEDIUM,YES,YES,5b30afb844a82b1f90c1e2b3
AC,40,YES,1010,3,5,2,4000,HIGH,YES,YES,5b30afb844a82b1f90c1e2b6
AC,40,YES,1018,3,4,4,4000,MEDIUM,YES,YES,5b30afb844a82b1f90c1e2be
AC,20,NO,1034,3,3,2,4000,MEDIUM,YES,YES,5b30afb844a82b1f90c1e2ce
AC,20,NO,1052,3,5,2,4000,MEDIUM,YES,YES,5b30afb844a82b1f90c1e2e0
AC,20,NO,1059,3,4,2,4000,MEDIUM,YES,YES,5b30afb844a82b1f90c1e2e7
AC,20,NO,1061,3,3,4,4000,High,YES,YES,5b30afb844a82b1f90c1e2e9
AC,20,YES,1079,3,4,2,4000,HIGH,YES,YES,5b30afb844a82b1f90c1e2fb
AC,30,YES,1092,3,3,2,4000,MEDIUM,NO,YES,5b30afb844a82b1f90c1e308
AC,30,NO,1096,3,3,3,4000,MEDIUM,YES,NO,5b30afb844a82b1f90c1e30c
AC,30,YES,1102,3,4,3,4000,MEDIUM,YES,YES,5b30afb844a82b1f90c1e312
AC,30,YES,1103,3,3,2,4000,MEDIUM,NO,YES,5b30afb844a82b1f90c1e313
AC,40,YES,1149,3,5,2,4000,HIGH,YES,YES,5b30afb844a82b1f90c1e341
AC,40,YES,1157,3,4,4,4000,MEDIUM,YES,YES,5b30afb844a82b1f90c1e349
AC,20,NO,1173,3,3,2,4000,MEDIUM,YES,YES,5b30afb844a82b1f90c1e359
AC,20,NO,1191,3,5,2,4000,MEDIUM,YES,NO,5b30afb844a82b1f90c1e36b
AC,20,YES,1198,3,4,2,4000,MEDIUM,YES,YES,5b30afb844a82b1f90c1e372
AC,20,YES,1200,3,3,4,4000,HIGH,YES,YES,5b30afb844a82b1f90c1e374
NON AC,40,YES,51,3,2,4,4000,MEDIUM,NO,NO,5b30afb544a82b1f90c1def7
NON AC,40,YES,376,3,2,4,4000,MEDIUM,NO,YES,5b30afb544a82b1f90c1e03c
NON AC,40,YES,529,3,2,4,4000,MEDIUM,NO,NO,5b30afb744a82b1f90c1e0d5
NON AC,40,YES,629,3,2,4,4000,MEDIUM,NO,YES,5b30afb744a82b1f90c1e139
NON AC,20,YES,679,3,4,4,4000,HIGH,NO,YES,5b30afb744a82b1f90c1e16b
NON AC,40,YES,758,3,2,4,4000,MEDIUM,NO,YES,5b30afb744a82b1f90c1e1ba
NON AC,40,YES,899,3,2,4,4000,MEDIUM,NO,YES,5b30afb744a82b1f90c1e247
NON AC,40,YES,1045,3,2,4,4000,MEDIUM,NO,NO,5b30afb844a82b1f90c1e2d9
NON AC,30,NO,1107,3,5,2,4000,MEDIUM,YES,NO,5b30afb844a82b1f90c1e317
NON AC,40,YES,1184,3,2,4,4000,MEDIUM,NO,NO,5b30afb844a82b1f90c1e364
AC,52,YES,1142,4,5,2,4000,HIGH,YES,YES,5b30afb844a82b1f90c1e33a
AC,30,YES,1136,4,3,3,4000,LOW,YES,NO,5b30afb844a82b1f90c1e334
AC,40,YES,6,4,3,4,4000,LOW,YES,YES,5b30afb544a82b1f90c1deca
AC,30,YES,59,4,4,3,4000,LOW,YES,YES,5b30afb544a82b1f90c1deff
AC,30,YES,68,4,3,2,4000,MEDIUM,YES,YES,5b30afb544a82b1f90c1df08
AC,50,YES,72,4,5,2,4000,MEDIUM,NO,NO,5b30afb544a82b1f90c1df0c
AC,20,YES,79,4,5,2,4000,LOW,YES,YES,5b30afb544a82b1f90c1df13
AC,20,YES,89,4,5,5,4000,LOW,YES,YES,5b30afb544a82b1f90c1df1d
AC,40,YES,129,4,4,4,4000,HIGH,NO,YES,5b30afb544a82b1f90c1df45
AC,20,YES,137,4,5,2,4000,LOW,YES,NO,5b30afb544a82b1f90c1df4d
AC,40,YES,139,4,3,1,4000,HIGH,NO,YES,5b30afb544a82b1f90c1df4f
AC,40,YES,159,4,3,4,4000,LOW,YES,YES,5b30afb544a82b1f90c1df62
AC,40,YES,208,4,3,4,4000,LOW,YES,YES,5b30afb544a82b1f90c1df94
AC,40,NO,287,4,3,1,4000,LOW,NO,NO,5b30afb544a82b1f90c1dfe3
AC,40,NO,291,4,5,2,4000,HIGH,YES,YES,5b30afb544a82b1f90c1dfe7
AC,30,YES,312,4,4,1,4000,HIGH,YES,YES,5b30afb544a82b1f90c1dffc
AC,20,YES,315,4,3,2,4000,MEDIUM,YES,NO,5b30afb544a82b1f90c1dfff
AC,40,YES,331,4,3,4,4000,LOW,YES,YES,5b30afb544a82b1f90c1e00f
AC,30,YES,384,4,4,3,4000,LOW,YES,NO,5b30afb544a82b1f90c1e044
AC,30,YES,393,4,3,2,4000,MEDIUM,YES,YES,5b30afb544a82b1f90c1e04d
AC,50,YES,397,4,5,2,4000,MEDIUM,NO,YES,5b30afb544a82b1f90c1e051
AC,20,YES,404,4,5,2,4000,LOW,YES,YES,5b30afb544a82b1f90c1e058
AC,20,YES,414,4,5,5,4000,LOW,YES,YES,5b30afb544a82b1f90c1e062
AC,40,YES,454,4,4,4,4000,HIGH,NO,NO,5b30afb544a82b1f90c1e08a
AC,20,YES,462,4,5,2,4000,LOW,YES,YES,5b30afb544a82b1f90c1e092
AC,40,YES,464,4,3,1,4000,HIGH,NO,NO,5b30afb544a82b1f90c1e094
AC,40,YES,484,4,3,4,4000,LOW,YES,YES,5b30afb544a82b1f90c1e0a8
AC,30,YES,537,4,4,3,4000,LOW,YES,YES,5b30afb744a82b1f90c1e0dd
AC,30,YES,546,4,3,2,4000,MEDIUM,YES,YES,5b30afb744a82b1f90c1e0e6
AC,50,YES,550,4,5,2,4000,MEDIUM,NO,YES,5b30afb744a82b1f90c1e0ea
AC,20,YES,553,4,3,2,4000,HIGH,YES,YES,5b30afb744a82b1f90c1e0ed
AC,20,YES,557,4,5,2,4000,LOW,YES,YES,5b30afb744a82b1f90c1e0f1
AC,20,YES,567,4,5,5,4000,LOW,YES,YES,5b30afb744a82b1f90c1e0fb
AC,40,YES,607,4,4,4,4000,HIGH,NO,YES,5b30afb744a82b1f90c1e123
AC,20,YES,615,4,5,2,4000,LOW,YES,YES,5b30afb744a82b1f90c1e12b
AC,40,YES,617,4,3,1,4000,HIGH,NO,YES,5b30afb744a82b1f90c1e12d
AC,30,YES,637,4,4,3,4000,LOW,YES,NO,5b30afb744a82b1f90c1e141
AC,30,YES,646,4,3,2,4000,MEDIUM,YES,NO,5b30afb744a82b1f90c1e14a
AC,50,YES,650,4,5,2,4000,MEDIUM,NO,NO,5b30afb744a82b1f90c1e14e
AC,20,YES,653,4,3,2,4000,HIGH,YES,NO,5b30afb744a82b1f90c1e151
AC,20,YES,657,4,5,2,4000,LOW,YES,YES,5b30afb744a82b1f90c1e155
AC,20,YES,667,4,5,5,4000,LOW,YES,NO,5b30afb744a82b1f90c1e15f
AC,40,YES,678,4,4,4,4000,MEDIUM,YES,YES,5b30afb744a82b1f90c1e16a
AC,30,YES,692,4,4,2,4000,HIGH,YES,NO,5b30afb744a82b1f90c1e178
AC,20,YES,696,4,3,2,4000,MEDIUM,NO,YES,5b30afb744a82b1f90c1e17c
AC,40,YES,707,4,3,1,4000,LOW,YES,NO,5b30afb744a82b1f90c1e187
AC,30,YES,710,4,2,2,4000,MEDIUM,YES,NO,5b30afb744a82b1f90c1e18a
AC,40,YES,713,4,3,4,4000,LOW,YES,NO,5b30afb744a82b1f90c1e18d
AC,30,YES,766,4,4,3,4000,LOW,YES,YES,5b30afb744a82b1f90c1e1c2
AC,30,YES,775,4,3,2,4000,MEDIUM,YES,YES,5b30afb744a82b1f90c1e1cb
AC,50,YES,779,4,5,2,4000,MEDIUM,NO,YES,5b30afb744a82b1f90c1e1cf
AC,20,YES,782,4,3,2,4000,HIGH,YES,NO,5b30afb744a82b1f90c1e1d2
AC,20,YES,786,4,5,2,4000,LOW,YES,NO,5b30afb744a82b1f90c1e1d6
AC,20,YES,796,4,5,5,4000,LOW,YES,YES,5b30afb744a82b1f90c1e1e0
AC,40,YES,836,4,4,4,4000,HIGH,NO,NO,5b30afb744a82b1f90c1e208
AC,20,YES,844,4,5,2,4000,LOW,YES,NO,5b30afb744a82b1f90c1e210
AC,40,YES,846,4,3,1,4000,HIGH,NO,YES,5b30afb744a82b1f90c1e212
AC,40,YES,854,4,3,4,4000,LOW,YES,NO,5b30afb744a82b1f90c1e21a
AC,30,YES,907,4,4,3,4000,LOW,YES,NO,5b30afb744a82b1f90c1e24f
AC,30,YES,916,4,3,2,4000,MEDIUM,YES,YES,5b30afb744a82b1f90c1e258
AC,50,YES,920,4,5,2,4000,MEDIUM,NO,NO,5b30afb744a82b1f90c1e25c
AC,20,YES,927,4,5,2,4000,LOW,YES,YES,5b30afb744a82b1f90c1e263
AC,20,YES,937,4,5,5,4000,LOW,YES,NO,5b30afb744a82b1f90c1e26d
AC,40,YES,977,4,4,4,4000,HIGH,NO,YES,5b30afb744a82b1f90c1e295
AC,20,YES,985,4,5,2,4000,LOW,YES,YES,5b30afb744a82b1f90c1e29d
AC,40,YES,987,4,3,1,4000,HIGH,NO,NO,5b30afb744a82b1f90c1e29f
AC,40,YES,1000,4,3,4,4000,LOW,YES,YES,5b30afb744a82b1f90c1e2ac
AC,30,YES,1053,4,4,3,4000,LOW,YES,YES,5b30afb844a82b1f90c1e2e1
AC,30,YES,1062,4,3,2,4000,MEDIUM,YES,YES,5b30afb844a82b1f90c1e2ea
AC,50,YES,1066,4,5,2,4000,MEDIUM,NO,NO,5b30afb844a82b1f90c1e2ee
AC,20,YES,1069,4,3,2,4000,HIGH,YES,YES,5b30afb844a82b1f90c1e2f1
AC,20,YES,1073,4,5,2,4000,LOW,YES,YES,5b30afb844a82b1f90c1e2f5
AC,20,YES,1083,4,5,5,4000,LOW,YES,YES,5b30afb844a82b1f90c1e2ff
AC,40,YES,1123,4,4,4,4000,HIGH,NO,YES,5b30afb844a82b1f90c1e327
AC,20,YES,1131,4,5,2,4000,LOW,YES,NO,5b30afb844a82b1f90c1e32f
AC,40,YES,1133,4,3,1,4000,HIGH,NO,YES,5b30afb844a82b1f90c1e331
AC,30,YES,1192,4,4,3,4000,LOW,YES,YES,5b30afb844a82b1f90c1e36c
AC,30,YES,1201,4,3,2,4000,MEDIUM,YES,NO,5b30afb844a82b1f90c1e375
AC,50,YES,1205,4,5,2,4000,MEDIUM,NO,YES,5b30afb844a82b1f90c1e379
AC,20,YES,1212,4,5,2,4000,LOW,YES,NO,5b30afb844a82b1f90c1e380
NON AC,30,NO,3,4,2,2,4000,MEDIUM,YES,YES,5b30afb544a82b1f90c1dec7
NON AC,40,NO,44,4,2,4,4000,HIGH,NO,NO,5b30afb544a82b1f90c1def0
NON AC,30,NO,156,4,2,2,4000,MEDIUM,YES,YES,5b30afb544a82b1f90c1df5f
NON AC,40,NO,196,4,2,4,4000,HIGH,NO,YES,5b30afb544a82b1f90c1df88
NON AC,30,NO,205,4,2,2,4000,MEDIUM,YES,YES,5b30afb544a82b1f90c1df91
NON AC,40,NO,246,4,2,4,4000,HIGH,NO,YES,5b30afb544a82b1f90c1dfba
NON AC,40,YES,296,4,3,4,4000,MEDIUM,NO,YES,5b30afb544a82b1f90c1dfec
NON AC,40,NO,299,4,4,4,4000,MEDIUM,YES,YES,5b30afb544a82b1f90c1dfef
NON AC,50,YES,304,4,5,1,4000,LOW,NO,NO,5b30afb544a82b1f90c1dff4
NON AC,30,NO,328,4,2,2,4000,MEDIUM,YES,NO,5b30afb544a82b1f90c1e00c
NON AC,40,NO,369,4,2,4,4000,HIGH,NO,NO,5b30afb544a82b1f90c1e035
NON AC,30,NO,481,4,2,2,4000,MEDIUM,YES,NO,5b30afb544a82b1f90c1e0a5
NON AC,40,NO,522,4,2,4,4000,HIGH,NO,YES,5b30afb744a82b1f90c1e0ce
NON AC,40,NO,622,4,2,4,4000,HIGH,NO,NO,5b30afb744a82b1f90c1e132
NON AC,40,NO,751,4,2,4,4000,HIGH,NO,YES,5b30afb744a82b1f90c1e1b3
NON AC,30,NO,851,4,2,2,4000,MEDIUM,YES,NO,5b30afb744a82b1f90c1e217
NON AC,40,NO,892,4,2,4,4000,HIGH,NO,NO,5b30afb744a82b1f90c1e240
NON AC,30,NO,992,4,2,2,4000,MEDIUM,YES,YES,5b30afb744a82b1f90c1e2a4
NON AC,30,NO,997,4,2,2,4000,MEDIUM,YES,YES,5b30afb744a82b1f90c1e2a9
NON AC,40,NO,1038,4,2,4,4000,HIGH,NO,NO,5b30afb844a82b1f90c1e2d2
NON AC,40,NO,1177,4,2,4,4000,HIGH,NO,YES,5b30afb844a82b1f90c1e35d
YES,20,YES,75,4,3,2,4000,HIGH,YES,YES,5b30afb544a82b1f90c1df0f
YES,20,YES,400,4,3,2,4000,HIGH,YES,YES,5b30afb544a82b1f90c1e054
YES,20,YES,923,4,3,2,4000,HIGH,YES,YES,5b30afb744a82b1f90c1e25f
YES,20,YES,1208,4,3,2,4000,HIGH,YES,YES,5b30afb844a82b1f90c1e37c
AC,40,YES,21,5,3,4,4000,MEDIUM,NO,NO,5b30afb544a82b1f90c1ded9
AC,30,YES,54,5,3,4,4000,MEDIUM,YES,NO,5b30afb544a82b1f90c1defa
AC,40,YES,173,5,3,4,4000,MEDIUM,NO,NO,5b30afb544a82b1f90c1df71
AC,40,YES,223,5,3,4,4000,MEDIUM,NO,NO,5b30afb544a82b1f90c1dfa3
AC,40,YES,346,5,3,4,4000,MEDIUM,NO,YES,5b30afb544a82b1f90c1e01e
AC,30,YES,379,5,3,4,4000,MEDIUM,YES,NO,5b30afb544a82b1f90c1e03f
AC,40,YES,499,5,3,4,4000,MEDIUM,NO,YES,5b30afb544a82b1f90c1e0b7
AC,30,YES,532,5,3,4,4000,MEDIUM,YES,YES,5b30afb744a82b1f90c1e0d8
AC,30,YES,632,5,3,4,4000,MEDIUM,YES,YES,5b30afb744a82b1f90c1e13c
AC,40,YES,728,5,3,4,4000,MEDIUM,NO,YES,5b30afb744a82b1f90c1e19c
AC,30,YES,761,5,3,4,4000,MEDIUM,YES,NO,5b30afb744a82b1f90c1e1bd
AC,40,YES,869,5,3,4,4000,MEDIUM,NO,YES,5b30afb744a82b1f90c1e229
AC,30,YES,902,5,3,4,4000,MEDIUM,YES,YES,5b30afb744a82b1f90c1e24a
AC,40,YES,1015,5,3,4,4000,MEDIUM,NO,NO,5b30afb844a82b1f90c1e2bb
AC,30,YES,1048,5,3,4,4000,MEDIUM,YES,NO,5b30afb844a82b1f90c1e2dc
AC,40,YES,1154,5,3,4,4000,MEDIUM,NO,NO,5b30afb844a82b1f90c1e346
AC,30,YES,1187,5,3,4,4000,MEDIUM,YES,YES,5b30afb844a82b1f90c1e367
NON AC,20,YES,63,5,4,2,4000,HIGH,YES,YES,5b30afb544a82b1f90c1df03
NON AC,20,YES,388,5,4,2,4000,HIGH,YES,NO,5b30afb544a82b1f90c1e048
NON AC,20,YES,541,5,4,2,4000,HIGH,YES,NO,5b30afb744a82b1f90c1e0e1
NON AC,20,YES,641,5,4,2,4000,HIGH,YES,NO,5b30afb744a82b1f90c1e145
NON AC,20,YES,770,5,4,2,4000,HIGH,YES,YES,5b30afb744a82b1f90c1e1c6
NON AC,20,YES,911,5,4,2,4000,HIGH,YES,YES,5b30afb744a82b1f90c1e253
NON AC,20,YES,1057,5,4,2,4000,HIGH,YES,YES,5b30afb844a82b1f90c1e2e5
NON AC,20,YES,1196,5,4,2,4000,HIGH,YES,YES,5b30afb844a82b1f90c1e370
AC,20,NO,17,1,2,1,3000,LOW,YES,NO,5b30afb544a82b1f90c1ded5
AC,20,NO,31,1,3,1,3000,LOW,YES,YES,5b30afb544a82b1f90c1dee3
AC,30,YES,90,1,2,1,3000,HIGH,YES,NO,5b30afb544a82b1f90c1df1e
AC,50,YES,114,1,4,1,3000,LOW,NO,YES,5b30afb544a82b1f90c1df36
AC,30,NO,116,1,3,1,3000,MEDIUM,YES,NO,5b30afb544a82b1f90c1df38
AC,20,NO,169,1,2,1,3000,LOW,YES,NO,5b30afb544a82b1f90c1df6d
AC,20,NO,183,1,3,1,3000,LOW,YES,YES,5b30afb544a82b1f90c1df7b
AC,20,NO,219,1,2,1,3000,LOW,YES,NO,5b30afb544a82b1f90c1df9f
AC,20,NO,233,1,3,1,3000,LOW,YES,YES,5b30afb544a82b1f90c1dfad
AC,20,NO,263,1,2,1,3000,LOW,YES,YES,5b30afb544a82b1f90c1dfcb
AC,20,NO,273,1,2,1,3000,MEDIUM,YES,NO,5b30afb544a82b1f90c1dfd5
AC,20,NO,342,1,2,1,3000,LOW,YES,YES,5b30afb544a82b1f90c1e01a
AC,20,NO,356,1,3,1,3000,LOW,YES,NO,5b30afb544a82b1f90c1e028
AC,30,YES,415,1,2,1,3000,HIGH,YES,YES,5b30afb544a82b1f90c1e063
AC,50,YES,439,1,4,1,3000,LOW,NO,YES,5b30afb544a82b1f90c1e07b
AC,30,NO,441,1,3,1,3000,MEDIUM,YES,NO,5b30afb544a82b1f90c1e07d
AC,20,NO,495,1,2,1,3000,LOW,YES,NO,5b30afb544a82b1f90c1e0b3
AC,20,NO,509,1,3,1,3000,LOW,YES,NO,5b30afb744a82b1f90c1e0c1
AC,30,YES,568,1,2,1,3000,HIGH,YES,NO,5b30afb744a82b1f90c1e0fc
AC,50,YES,592,1,4,1,3000,LOW,NO,NO,5b30afb744a82b1f90c1e114
AC,30,NO,594,1,3,1,3000,MEDIUM,YES,NO,5b30afb744a82b1f90c1e116
AC,30,YES,668,1,2,1,3000,HIGH,YES,YES,5b30afb744a82b1f90c1e160
AC,30,YES,677,1,3,3,3000,LOW,YES,NO,5b30afb744a82b1f90c1e169
AC,40,YES,686,1,3,3,3000,HIGH,YES,NO,5b30afb744a82b1f90c1e172
AC,40,YES,709,1,5,4,3000,HIGH,YES,NO,5b30afb744a82b1f90c1e189
AC,20,NO,724,1,2,1,3000,LOW,YES,NO,5b30afb744a82b1f90c1e198
AC,20,NO,738,1,3,1,3000,LOW,YES,NO,5b30afb744a82b1f90c1e1a6
AC,30,YES,797,1,2,1,3000,HIGH,YES,YES,5b30afb744a82b1f90c1e1e1
AC,50,YES,821,1,4,1,3000,LOW,NO,NO,5b30afb744a82b1f90c1e1f9
AC,30,NO,823,1,3,1,3000,MEDIUM,YES,NO,5b30afb744a82b1f90c1e1fb
AC,20,NO,865,1,2,1,3000,LOW,YES,YES,5b30afb744a82b1f90c1e225
AC,20,NO,879,1,3,1,3000,LOW,YES,YES,5b30afb744a82b1f90c1e233
AC,30,YES,938,1,2,1,3000,HIGH,YES,YES,5b30afb744a82b1f90c1e26e
AC,50,YES,962,1,4,1,3000,LOW,NO,NO,5b30afb744a82b1f90c1e286
AC,30,NO,964,1,3,1,3000,MEDIUM,YES,NO,5b30afb744a82b1f90c1e288
AC,20,NO,1011,1,2,1,3000,LOW,YES,NO,5b30afb844a82b1f90c1e2b7
AC,20,NO,1025,1,3,1,3000,LOW,YES,NO,5b30afb844a82b1f90c1e2c5
AC,30,YES,1084,1,2,1,3000,HIGH,YES,NO,5b30afb844a82b1f90c1e300
AC,30,NO,1110,1,3,1,3000,MEDIUM,YES,NO,5b30afb844a82b1f90c1e31a
AC,20,NO,1150,1,2,1,3000,LOW,YES,YES,5b30afb844a82b1f90c1e342
AC,20,NO,1164,1,3,1,3000,LOW,YES,YES,5b30afb844a82b1f90c1e350
NON AC,30,NO,122,1,2,1,3000,HIGH,NO,NO,5b30afb544a82b1f90c1df3e
NON AC,30,NO,447,1,2,1,3000,HIGH,NO,NO,5b30afb544a82b1f90c1e083
NON AC,30,NO,600,1,2,1,3000,HIGH,NO,NO,5b30afb744a82b1f90c1e11c
NON AC,30,NO,829,1,2,1,3000,HIGH,NO,NO,5b30afb744a82b1f90c1e201
NON AC,30,NO,970,1,2,1,3000,HIGH,NO,YES,5b30afb744a82b1f90c1e28e
NON AC,50,YES,1108,1,4,1,3000,LOW,NO,YES,5b30afb844a82b1f90c1e318
AC,30,YES,1147,1,3,2,3000,MEDIUM,YES,YES,5b30afb844a82b1f90c1e33f
AC,20,YES,4,2,3,2,3000,HIGH,NO,NO,5b30afb544a82b1f90c1dec8
AC,30,NO,14,2,3,2,3000,HIGH,YES,NO,5b30afb544a82b1f90c1ded2
AC,30,YES,41,2,3,1,3000,MEDIUM,YES,NO,5b30afb544a82b1f90c1deed
AC,20,NO,46,2,3,2,3000,LOW,YES,NO,5b30afb544a82b1f90c1def2
AC,20,YES,66,2,3,1,3000,LOW,YES,YES,5b30afb544a82b1f90c1df06
AC,20,YES,80,2,3,4,3000,MEDIUM,YES,YES,5b30afb544a82b1f90c1df14
AC,20,YES,88,2,3,2,3000,MEDIUM,YES,YES,5b30afb544a82b1f90c1df1c
AC,20,YES,93,2,4,1,3000,MEDIUM,NO,YES,5b30afb544a82b1f90c1df21
AC,20,YES,112,2,3,2,3000,HIGH,NO,NO,5b30afb544a82b1f90c1df34
AC,30,NO,128,2,4,2,3000,HIGH,YES,NO,5b30afb544a82b1f90c1df44
AC,20,YES,135,2,3,3,3000,MEDIUM,YES,NO,5b30afb544a82b1f90c1df4b
AC,20,NO,138,2,3,2,3000,LOW,YES,NO,5b30afb544a82b1f90c1df4e
AC,37,NO,148,2,4,2,3000,LOW,NO,NO,5b30afb544a82b1f90c1df57
AC,20,YES,157,2,3,2,3000,HIGH,NO,NO,5b30afb544a82b1f90c1df60
AC,30,NO,167,2,3,2,3000,HIGH,YES,NO,5b30afb544a82b1f90c1df6a
AC,30,YES,193,2,3,1,3000,MEDIUM,YES,NO,5b30afb544a82b1f90c1df85
AC,20,NO,198,2,3,2,3000,LOW,YES,NO,5b30afb544a82b1f90c1df8a
AC,20,YES,206,2,3,2,3000,HIGH,NO,NO,5b30afb544a82b1f90c1df92
AC,30,NO,216,2,3,2,3000,HIGH,YES,NO,5b30afb544a82b1f90c1df9c
AC,30,YES,243,2,3,1,3000,MEDIUM,YES,NO,5b30afb544a82b1f90c1dfb7
AC,20,NO,248,2,3,2,3000,LOW,YES,NO,5b30afb544a82b1f90c1dfbc
AC,20,YES,255,2,4,1,3000,MEDIUM,NO,NO,5b30afb544a82b1f90c1dfc3
AC,30,NO,260,2,3,2,3000,HIGH,YES,YES,5b30afb544a82b1f90c1dfc8
AC,30,NO,270,2,4,2,3000,LOW,YES,NO,5b30afb544a82b1f90c1dfd2
AC,40,NO,277,2,5,4,3000,HIGH,NO,NO,5b30afb544a82b1f90c1dfd9
AC,20,YES,283,2,5,2,3000,MEDIUM,YES,YES,5b30afb544a82b1f90c1dfdf
AC,20,NO,306,2,3,1,3000,LOW,YES,YES,5b30afb544a82b1f90c1dff6
AC,20,NO,321,2,3,2,3000,LOW,YES,YES,5b30afb544a82b1f90c1e005
AC,20,YES,329,2,3,2,3000,HIGH,NO,NO,5b30afb544a82b1f90c1e00d
AC,30,NO,339,2,3,2,3000,HIGH,YES,NO,5b30afb544a82b1f90c1e017
AC,30,YES,366,2,3,1,3000,MEDIUM,YES,YES,5b30afb544a82b1f90c1e032
AC,20,NO,371,2,3,2,3000,LOW,YES,NO,5b30afb544a82b1f90c1e037
AC,20,YES,391,2,3,1,3000,LOW,YES,YES,5b30afb544a82b1f90c1e04b
AC,20,YES,405,2,3,4,3000,MEDIUM,YES,NO,5b30afb544a82b1f90c1e059
AC,20,YES,413,2,3,2,3000,MEDIUM,YES,NO,5b30afb544a82b1f90c1e061
AC,20,YES,418,2,4,1,3000,MEDIUM,NO,YES,5b30afb544a82b1f90c1e066
AC,20,YES,437,2,3,2,3000,HIGH,NO,NO,5b30afb544a82b1f90c1e079
AC,30,NO,453,2,4,2,3000,HIGH,YES,NO,5b30afb544a82b1f90c1e089
AC,20,YES,460,2,3,3,3000,MEDIUM,YES,YES,5b30afb544a82b1f90c1e090
AC,20,NO,463,2,3,2,3000,LOW,YES,NO,5b30afb544a82b1f90c1e093
AC,37,NO,472,2,4,2,3000,LOW,NO,YES,5b30afb544a82b1f90c1e09c
AC,20,YES,482,2,3,2,3000,HIGH,NO,NO,5b30afb544a82b1f90c1e0a6
AC,30,NO,492,2,3,2,3000,HIGH,YES,YES,5b30afb544a82b1f90c1e0b0
AC,30,YES,519,2,3,1,3000,MEDIUM,YES,YES,5b30afb744a82b1f90c1e0cb
AC,20,NO,524,2,3,2,3000,LOW,YES,NO,5b30afb744a82b1f90c1e0d0
AC,20,YES,544,2,3,1,3000,LOW,YES,NO,5b30afb744a82b1f90c1e0e4
AC,20,YES,558,2,3,4,3000,MEDIUM,YES,YES,5b30afb744a82b1f90c1e0f2
AC,20,YES,566,2,3,2,3000,MEDIUM,YES,NO,5b30afb744a82b1f90c1e0fa
AC,20,YES,571,2,4,1,3000,MEDIUM,NO,YES,5b30afb744a82b1f90c1e0ff
AC,20,YES,590,2,3,2,3000,HIGH,NO,YES,5b30afb744a82b1f90c1e112
AC,30,NO,606,2,4,2,3000,HIGH,YES,YES,5b30afb744a82b1f90c1e122
AC,20,YES,613,2,3,3,3000,MEDIUM,YES,NO,5b30afb744a82b1f90c1e129
AC,20,NO,616,2,3,2,3000,LOW,YES,NO,5b30afb744a82b1f90c1e12c
AC,20,NO,624,2,3,2,3000,LOW,YES,NO,5b30afb744a82b1f90c1e134
AC,20,YES,644,2,3,1,3000,LOW,YES,NO,5b30afb744a82b1f90c1e148
AC,20,YES,658,2,3,4,3000,MEDIUM,YES,NO,5b30afb744a82b1f90c1e156
AC,20,YES,666,2,3,2,3000,MEDIUM,YES,YES,5b30afb744a82b1f90c1e15e
AC,30,YES,675,2,3,5,3000,MEDIUM,YES,NO,5b30afb744a82b1f90c1e167
AC,40,YES,676,2,3,3,3000,LOW,NO,NO,5b30afb744a82b1f90c1e168
AC,20,YES,711,2,3,2,3000,HIGH,YES,YES,5b30afb744a82b1f90c1e18b
AC,30,NO,721,2,3,2,3000,HIGH,YES,YES,5b30afb744a82b1f90c1e195
AC,30,YES,748,2,3,1,3000,MEDIUM,YES,YES,5b30afb744a82b1f90c1e1b0
AC,20,NO,753,2,3,2,3000,LOW,YES,NO,5b30afb744a82b1f90c1e1b5
AC,20,YES,773,2,3,1,3000,LOW,YES,NO,5b30afb744a82b1f90c1e1c9
AC,20,YES,787,2,3,4,3000,MEDIUM,YES,NO,5b30afb744a82b1f90c1e1d7
AC,20,YES,795,2,3,2,3000,MEDIUM,YES,NO,5b30afb744a82b1f90c1e1df
AC,20,YES,800,2,4,1,3000,MEDIUM,NO,NO,5b30afb744a82b1f90c1e1e4
AC,20,YES,819,2,3,2,3000,HIGH,NO,YES,5b30afb744a82b1f90c1e1f7
AC,30,NO,835,2,4,2,3000,HIGH,YES,YES,5b30afb744a82b1f90c1e207
AC,20,YES,842,2,3,3,3000,MEDIUM,YES,YES,5b30afb744a82b1f90c1e20e
AC,20,NO,845,2,3,2,3000,LOW,YES,NO,5b30afb744a82b1f90c1e211
AC,20,YES,852,2,3,2,3000,HIGH,NO,NO,5b30afb744a82b1f90c1e218
AC,30,NO,862,2,3,2,3000,HIGH,YES,YES,5b30afb744a82b1f90c1e222
AC,30,YES,889,2,3,1,3000,MEDIUM,YES,YES,5b30afb744a82b1f90c1e23d
AC,20,NO,894,2,3,2,3000,LOW,YES,NO,5b30afb744a82b1f90c1e242
AC,20,YES,914,2,3,1,3000,LOW,YES,YES,5b30afb744a82b1f90c1e256
AC,20,YES,928,2,3,4,3000,MEDIUM,YES,YES,5b30afb744a82b1f90c1e264
AC,20,YES,936,2,3,2,3000,MEDIUM,YES,NO,5b30afb744a82b1f90c1e26c
AC,20,YES,941,2,4,1,3000,MEDIUM,NO,YES,5b30afb744a82b1f90c1e271
AC,20,YES,960,2,3,2,3000,HIGH,NO,YES,5b30afb744a82b1f90c1e284
AC,30,NO,976,2,4,2,3000,HIGH,YES,YES,5b30afb744a82b1f90c1e294
AC,20,YES,983,2,3,3,3000,MEDIUM,YES,NO,5b30afb744a82b1f90c1e29b
AC,20,NO,986,2,3,2,3000,LOW,YES,YES,5b30afb744a82b1f90c1e29e
AC,20,YES,993,2,3,2,3000,HIGH,NO,NO,5b30afb744a82b1f90c1e2a5
AC,20,YES,998,2,3,2,3000,HIGH,NO,NO,5b30afb744a82b1f90c1e2aa
AC,30,NO,1008,2,3,2,3000,HIGH,YES,NO,5b30afb844a82b1f90c1e2b4
AC,30,YES,1035,2,3,1,3000,MEDIUM,YES,NO,5b30afb844a82b1f90c1e2cf
AC,20,NO,1040,2,3,2,3000,LOW,YES,NO,5b30afb844a82b1f90c1e2d4
AC,20,NO,1060,2,3,1,3000,LOW,YES,YES,5b30afb844a82b1f90c1e2e8
AC,20,YES,1074,2,3,4,3000,MEDIUM,YES,YES,5b30afb844a82b1f90c1e2f6
AC,20,YES,1082,2,3,2,3000,MEDIUM,YES,YES,5b30afb844a82b1f90c1e2fe
AC,20,YES,1087,2,4,1,3000,MEDIUM,NO,YES,5b30afb844a82b1f90c1e303
AC,30,NO,1122,2,4,2,3000,HIGH,YES,NO,5b30afb844a82b1f90c1e326
AC,20,NO,1132,2,3,2,3000,LOW,YES,NO,5b30afb844a82b1f90c1e330
AC,27,YES,1143,2,3,2,3000,HIGH,NO,YES,5b30afb844a82b1f90c1e33b
AC,30,YES,1174,2,3,1,3000,MEDIUM,YES,YES,5b30afb844a82b1f90c1e35a
AC,20,NO,1179,2,3,2,3000,LOW,YES,YES,5b30afb844a82b1f90c1e35f
AC,20,YES,1199,2,3,1,3000,LOW,YES,NO,5b30afb844a82b1f90c1e373
NON AC,30,YES,53,2,4,3,3000,LOW,YES,YES,5b30afb544a82b1f90c1def9
NON AC,20,NO,118,2,3,2,3000,HIGH,YES,YES,5b30afb544a82b1f90c1df3a
NON AC,30,YES,140,2,5,2,3000,LOW,NO,NO,5b30afb544a82b1f90c1df50
NON AC,30,NO,293,2,3,2,3000,MEDIUM,NO,YES,5b30afb544a82b1f90c1dfe9
NON AC,30,YES,378,2,4,3,3000,LOW,YES,NO,5b30afb544a82b1f90c1e03e
NON AC,20,NO,443,2,3,2,3000,HIGH,YES,YES,5b30afb544a82b1f90c1e07f
NON AC,30,YES,465,2,5,2,3000,LOW,NO,NO,5b30afb544a82b1f90c1e095
NON AC,30,YES,531,2,4,3,3000,LOW,YES,NO,5b30afb744a82b1f90c1e0d7
NON AC,20,NO,596,2,3,2,3000,HIGH,YES,NO,5b30afb744a82b1f90c1e118
NON AC,30,YES,618,2,5,2,3000,LOW,NO,YES,5b30afb744a82b1f90c1e12e
NON AC,30,YES,631,2,4,3,3000,LOW,YES,YES,5b30afb744a82b1f90c1e13b
NON AC,30,YES,760,2,4,3,3000,LOW,YES,NO,5b30afb744a82b1f90c1e1bc
NON AC,20,NO,825,2,3,2,3000,HIGH,YES,NO,5b30afb744a82b1f90c1e1fd
NON AC,30,YES,847,2,5,2,3000,LOW,NO,YES,5b30afb744a82b1f90c1e213
NON AC,30,YES,901,2,4,3,3000,LOW,YES,NO,5b30afb744a82b1f90c1e249
NON AC,20,NO,966,2,3,2,3000,HIGH,YES,YES,5b30afb744a82b1f90c1e28a
NON AC,30,YES,988,2,5,2,3000,LOW,NO,YES,5b30afb744a82b1f90c1e2a0
NON AC,30,YES,1047,2,4,3,3000,LOW,YES,YES,5b30afb844a82b1f90c1e2db
NON AC,20,YES,1106,2,3,2,3000,High,NO,NO,5b30afb844a82b1f90c1e316
NON AC,20,NO,1112,2,3,2,3000,HIGH,YES,YES,5b30afb844a82b1f90c1e31c
NON AC,30,YES,1186,2,4,3,3000,LOW,YES,YES,5b30afb844a82b1f90c1e366
AC,40,YES,2,3,5,4,3000,HIGH,NO,NO,5b30afb544a82b1f90c1dec6
AC,30,YES,11,3,2,3,3000,LOW,YES,YES,5b30afb544a82b1f90c1decf
AC,30,YES,18,3,3,2,3000,MEDIUM,NO,NO,5b30afb544a82b1f90c1ded6
AC,30,YES,61,3,3,2,3000,LOW,NO,NO,5b30afb544a82b1f90c1df01
AC,20,NO,77,3,4,2,3000,LOW,YES,NO,5b30afb544a82b1f90c1df11
AC,30,YES,83,3,3,3,3000,MEDIUM,YES,NO,5b30afb544a82b1f90c1df17
AC,40,YES,120,3,4,3,3000,MEDIUM,NO,YES,5b30afb544a82b1f90c1df3c
AC,30,YES,125,3,4,2,3000,MEDIUM,YES,YES,5b30afb544a82b1f90c1df41
AC,30,NO,149,3,3,1,3000,MEDIUM,YES,NO,5b30afb544a82b1f90c1df58
AC,40,YES,155,3,5,4,3000,HIGH,NO,YES,5b30afb544a82b1f90c1df5e
AC,30,YES,164,3,2,3,3000,LOW,YES,YES,5b30afb544a82b1f90c1df67
AC,30,YES,170,3,3,2,3000,MEDIUM,NO,YES,5b30afb544a82b1f90c1df6e
AC,40,YES,204,3,5,4,3000,HIGH,NO,YES,5b30afb544a82b1f90c1df90
AC,30,YES,213,3,2,3,3000,LOW,YES,YES,5b30afb544a82b1f90c1df99
AC,30,YES,220,3,3,2,3000,MEDIUM,NO,NO,5b30afb544a82b1f90c1dfa0
AC,30,YES,264,3,3,2,3000,MEDIUM,NO,YES,5b30afb544a82b1f90c1dfcc
AC,20,NO,268,3,5,2,3000,LOW,NO,YES,5b30afb544a82b1f90c1dfd0
AC,20,NO,276,3,3,1,3000,LOW,YES,YES,5b30afb544a82b1f90c1dfd8
AC,30,NO,289,3,3,2,3000,HIGH,YES,YES,5b30afb544a82b1f90c1dfe5
AC,20,YES,292,3,2,1,3000,LOW,YES,NO,5b30afb544a82b1f90c1dfe8
AC,20,YES,294,3,3,1,3000,LOW,YES,NO,5b30afb544a82b1f90c1dfea
AC,40,YES,327,3,5,4,3000,HIGH,NO,NO,5b30afb544a82b1f90c1e00b
AC,30,YES,336,3,2,3,3000,LOW,YES,NO,5b30afb544a82b1f90c1e014
AC,30,YES,343,3,3,2,3000,MEDIUM,NO,NO,5b30afb544a82b1f90c1e01b
AC,30,YES,386,3,3,2,3000,LOW,NO,YES,5b30afb544a82b1f90c1e046
AC,20,NO,402,3,4,2,3000,LOW,YES,NO,5b30afb544a82b1f90c1e056
AC,30,YES,408,3,3,3,3000,MEDIUM,YES,NO,5b30afb544a82b1f90c1e05c
AC,40,YES,445,3,4,3,3000,MEDIUM,NO,YES,5b30afb544a82b1f90c1e081
AC,30,YES,450,3,4,2,3000,MEDIUM,YES,NO,5b30afb544a82b1f90c1e086
AC,30,NO,473,3,3,1,3000,MEDIUM,YES,NO,5b30afb544a82b1f90c1e09d
AC,30,NO,477,3,3,2,3000,HIGH,NO,YES,5b30afb544a82b1f90c1e0a1
AC,40,YES,480,3,5,4,3000,HIGH,NO,YES,5b30afb544a82b1f90c1e0a4
AC,30,YES,489,3,2,3,3000,LOW,YES,YES,5b30afb544a82b1f90c1e0ad
AC,30,YES,496,3,3,2,3000,MEDIUM,NO,YES,5b30afb544a82b1f90c1e0b4
AC,30,YES,539,3,3,2,3000,LOW,NO,YES,5b30afb744a82b1f90c1e0df
AC,20,NO,555,3,4,2,3000,LOW,YES,YES,5b30afb744a82b1f90c1e0ef
AC,30,YES,561,3,3,3,3000,MEDIUM,YES,YES,5b30afb744a82b1f90c1e0f5
AC,40,YES,598,3,4,3,3000,MEDIUM,NO,YES,5b30afb744a82b1f90c1e11a
AC,30,YES,603,3,4,2,3000,MEDIUM,YES,YES,5b30afb744a82b1f90c1e11f
AC,30,YES,639,3,3,2,3000,LOW,NO,NO,5b30afb744a82b1f90c1e143
AC,20,NO,655,3,4,2,3000,LOW,YES,YES,5b30afb744a82b1f90c1e153
AC,30,YES,661,3,3,3,3000,MEDIUM,YES,NO,5b30afb744a82b1f90c1e159
AC,20,YES,674,3,3,3,3000,HIGH,YES,YES,5b30afb744a82b1f90c1e166
AC,40,YES,682,3,3,1,3000,LOW,YES,YES,5b30afb744a82b1f90c1e16e
AC,30,YES,687,3,3,3,3000,LOW,YES,YES,5b30afb744a82b1f90c1e173
AC,40,YES,693,3,3,1,3000,LOW,YES,YES,5b30afb744a82b1f90c1e179
AC,30,YES,695,3,2,1,3000,LOW,YES,NO,5b30afb744a82b1f90c1e17b
AC,30,YES,705,3,4,1,3000,LOW,YES,NO,5b30afb744a82b1f90c1e185
AC,30,YES,718,3,2,3,3000,LOW,YES,YES,5b30afb744a82b1f90c1e192
AC,30,YES,725,3,3,2,3000,MEDIUM,NO,NO,5b30afb744a82b1f90c1e199
AC,30,YES,768,3,3,2,3000,LOW,NO,YES,5b30afb744a82b1f90c1e1c4
AC,20,NO,784,3,4,2,3000,LOW,YES,NO,5b30afb744a82b1f90c1e1d4
AC,30,YES,790,3,3,3,3000,MEDIUM,YES,NO,5b30afb744a82b1f90c1e1da
AC,40,YES,827,3,4,3,3000,MEDIUM,NO,YES,5b30afb744a82b1f90c1e1ff
AC,30,YES,832,3,4,2,3000,MEDIUM,YES,YES,5b30afb744a82b1f90c1e204
AC,40,YES,850,3,5,4,3000,HIGH,NO,YES,5b30afb744a82b1f90c1e216
AC,30,YES,859,3,2,3,3000,LOW,YES,YES,5b30afb744a82b1f90c1e21f
AC,30,YES,866,3,3,2,3000,MEDIUM,NO,YES,5b30afb744a82b1f90c1e226
AC,30,YES,909,3,3,2,3000,LOW,NO,NO,5b30afb744a82b1f90c1e251
AC,20,NO,925,3,4,2,3000,LOW,YES,YES,5b30afb744a82b1f90c1e261
AC,30,YES,931,3,3,3,3000,MEDIUM,YES,NO,5b30afb744a82b1f90c1e267
AC,40,YES,968,3,4,3,3000,MEDIUM,NO,NO,5b30afb744a82b1f90c1e28c
AC,30,YES,973,3,4,2,3000,MEDIUM,YES,NO,5b30afb744a82b1f90c1e291
AC,40,YES,991,3,5,4,3000,HIGH,YES,NO,5b30afb744a82b1f90c1e2a3
AC,40,YES,996,3,5,4,3000,HIGH,NO,NO,5b30afb744a82b1f90c1e2a8
AC,30,YES,1005,3,2,3,3000,LOW,YES,YES,5b30afb844a82b1f90c1e2b1
AC,30,YES,1012,3,3,2,3000,MEDIUM,NO,NO,5b30afb844a82b1f90c1e2b8
AC,30,YES,1055,3,3,2,3000,LOW,NO,NO,5b30afb844a82b1f90c1e2e3
AC,20,YES,1071,3,4,2,3000,LOW,YES,NO,5b30afb844a82b1f90c1e2f3
AC,40,YES,1114,3,4,3,3000,MEDIUM,NO,YES,5b30afb844a82b1f90c1e31e
AC,30,YES,1119,3,4,2,3000,MEDIUM,NO,YES,5b30afb844a82b1f90c1e323
AC,30,YES,1151,3,3,2,3000,MEDIUM,NO,YES,5b30afb844a82b1f90c1e343
AC,30,YES,1194,3,3,2,3000,LOW,NO,YES,5b30afb844a82b1f90c1e36e
AC,20,NO,1210,3,4,2,3000,LOW,YES,NO,5b30afb844a82b1f90c1e37e
NON AC,40,YES,131,3,1,3,3000,LOW,YES,NO,5b30afb544a82b1f90c1df47
NON AC,30,YES,278,3,2,2,3000,MEDIUM,YES,YES,5b30afb544a82b1f90c1dfda
NON AC,20,NO,279,3,3,2,3000,HIGH,NO,NO,5b30afb544a82b1f90c1dfdb
NON AC,40,YES,456,3,1,3,3000,LOW,YES,YES,5b30afb544a82b1f90c1e08c
NON AC,40,YES,609,3,2,3,3000,LOW,YES,NO,5b30afb744a82b1f90c1e125
NON AC,40,YES,838,3,1,3,3000,LOW,YES,NO,5b30afb744a82b1f90c1e20a
NON AC,40,YES,979,3,1,3,3000,LOW,YES,YES,5b30afb744a82b1f90c1e297
NON AC,30,YES,1077,3,3,3,3000,HIGH,YES,NO,5b30afb844a82b1f90c1e2f9
NON AC,40,YES,1125,3,1,3,3000,LOW,YES,NO,5b30afb844a82b1f90c1e329
AC,35,YES,150,3,4,2,3000,LOW,YES,YES,5b30afb544a82b1f90c1df59
AC,20,NO,8,4,5,2,3000,MEDIUM,YES,YES,5b30afb544a82b1f90c1decc
AC,20,YES,19,4,3,1,3000,LOW,YES,YES,5b30afb544a82b1f90c1ded7
AC,30,NO,64,4,3,3,3000,MEDIUM,YES,YES,5b30afb544a82b1f90c1df04
AC,30,YES,87,4,4,5,3000,LOW,YES,YES,5b30afb544a82b1f90c1df1b
AC,30,YES,105,4,3,3,3000,MEDIUM,YES,YES,5b30afb544a82b1f90c1df2d
AC,50,YES,111,4,5,2,3000,HIGH,NO,NO,5b30afb544a82b1f90c1df33
AC,40,NO,123,4,1,1,3000,LOW,YES,YES,5b30afb544a82b1f90c1df3f
AC,40,YES,126,4,4,4,3000,HIGH,NO,YES,5b30afb544a82b1f90c1df42
AC,20,NO,161,4,5,2,3000,MEDIUM,YES,YES,5b30afb544a82b1f90c1df64
AC,20,YES,171,4,3,1,3000,LOW,YES,NO,5b30afb544a82b1f90c1df6f
AC,20,NO,210,4,5,2,3000,MEDIUM,YES,NO,5b30afb544a82b1f90c1df96
AC,20,YES,221,4,3,1,3000,LOW,YES,YES,5b30afb544a82b1f90c1dfa1
AC,30,NO,286,4,2,3,3000,LOW,YES,YES,5b30afb544a82b1f90c1dfe2
AC,20,NO,333,4,5,2,3000,MEDIUM,YES,YES,5b30afb544a82b1f90c1e011
AC,20,YES,344,4,3,1,3000,LOW,YES,NO,5b30afb544a82b1f90c1e01c
AC,30,NO,389,4,3,3,3000,MEDIUM,YES,YES,5b30afb544a82b1f90c1e049
AC,30,YES,412,4,4,5,3000,LOW,YES,YES,5b30afb544a82b1f90c1e060
AC,30,YES,430,4,3,3,3000,MEDIUM,YES,NO,5b30afb544a82b1f90c1e072
AC,50,YES,436,4,5,2,3000,HIGH,NO,YES,5b30afb544a82b1f90c1e078
AC,40,NO,448,4,1,1,3000,LOW,YES,NO,5b30afb544a82b1f90c1e084
AC,40,YES,451,4,4,4,3000,HIGH,NO,YES,5b30afb544a82b1f90c1e087
AC,20,NO,486,4,5,2,3000,MEDIUM,YES,YES,5b30afb544a82b1f90c1e0aa
AC,20,YES,497,4,3,1,3000,LOW,YES,NO,5b30afb544a82b1f90c1e0b5
AC,30,NO,542,4,3,3,3000,MEDIUM,YES,YES,5b30afb744a82b1f90c1e0e2
AC,30,YES,565,4,4,5,3000,LOW,YES,YES,5b30afb744a82b1f90c1e0f9
AC,30,YES,583,4,3,3,3000,MEDIUM,YES,YES,5b30afb744a82b1f90c1e10b
AC,50,YES,589,4,5,2,3000,HIGH,NO,YES,5b30afb744a82b1f90c1e111
AC,40,NO,601,4,2,1,3000,LOW,YES,YES,5b30afb744a82b1f90c1e11d
AC,40,YES,604,4,4,4,3000,HIGH,NO,YES,5b30afb744a82b1f90c1e120
AC,30,NO,642,4,3,3,3000,MEDIUM,YES,YES,5b30afb744a82b1f90c1e146
AC,30,YES,665,4,4,5,3000,LOW,YES,NO,5b30afb744a82b1f90c1e15d
AC,30,YES,672,4,4,3,3000,HIGH,YES,YES,5b30afb744a82b1f90c1e164
AC,30,YES,700,4,3,4,3000,MEDIUM,YES,NO,5b30afb744a82b1f90c1e180
AC,20,NO,715,4,5,2,3000,MEDIUM,YES,YES,5b30afb744a82b1f90c1e18f
AC,20,YES,726,4,3,1,3000,LOW,YES,NO,5b30afb744a82b1f90c1e19a
AC,30,NO,771,4,3,3,3000,MEDIUM,YES,YES,5b30afb744a82b1f90c1e1c7
AC,30,YES,794,4,4,5,3000,LOW,YES,YES,5b30afb744a82b1f90c1e1de
AC,30,YES,812,4,3,3,3000,MEDIUM,YES,NO,5b30afb744a82b1f90c1e1f0
AC,50,YES,818,4,5,2,3000,HIGH,NO,YES,5b30afb744a82b1f90c1e1f6
AC,40,NO,830,4,1,1,3000,LOW,YES,NO,5b30afb744a82b1f90c1e202
AC,40,YES,833,4,4,4,3000,HIGH,NO,YES,5b30afb744a82b1f90c1e205
AC,20,NO,856,4,5,2,3000,MEDIUM,YES,YES,5b30afb744a82b1f90c1e21c
AC,20,YES,867,4,3,1,3000,LOW,YES,NO,5b30afb744a82b1f90c1e227
AC,30,NO,912,4,3,3,3000,MEDIUM,YES,YES,5b30afb744a82b1f90c1e254
AC,30,YES,935,4,4,5,3000,LOW,YES,YES,5b30afb744a82b1f90c1e26b
AC,30,YES,953,4,3,3,3000,MEDIUM,YES,YES,5b30afb744a82b1f90c1e27d
AC,50,YES,959,4,5,2,3000,HIGH,NO,YES,5b30afb744a82b1f90c1e283
AC,40,NO,971,4,1,1,3000,LOW,YES,YES,5b30afb744a82b1f90c1e28f
AC,40,YES,974,4,4,4,3000,HIGH,NO,NO,5b30afb744a82b1f90c1e292
AC,20,NO,1002,4,5,2,3000,MEDIUM,YES,YES,5b30afb844a82b1f90c1e2ae
AC,20,YES,1013,4,3,1,3000,LOW,YES,YES,5b30afb844a82b1f90c1e2b9
AC,30,NO,1058,4,3,3,3000,MEDIUM,YES,YES,5b30afb844a82b1f90c1e2e6
AC,30,YES,1081,4,4,5,3000,LOW,YES,YES,5b30afb844a82b1f90c1e2fd
AC,40,NO,1117,4,1,1,3000,LOW,NO,YES,5b30afb844a82b1f90c1e321
AC,40,YES,1120,4,4,4,3000,MEDIUM,NO,YES,5b30afb844a82b1f90c1e324
AC,20,YES,1152,4,3,1,3000,LOW,YES,YES,5b30afb844a82b1f90c1e344
AC,30,NO,1197,4,3,3,3000,MEDIUM,YES,NO,5b30afb844a82b1f90c1e371
NON AC,20,YES,107,4,3,2,3000,HIGH,NO,YES,5b30afb544a82b1f90c1df2f
NON AC,20,YES,432,4,3,2,3000,HIGH,NO,NO,5b30afb544a82b1f90c1e074
NON AC,20,YES,585,4,3,2,3000,HIGH,NO,NO,5b30afb744a82b1f90c1e10d
NON AC,40,YES,690,4,4,2,3000,HIGH,NO,YES,5b30afb744a82b1f90c1e176
NON AC,30,YES,703,4,3,2,3000,HIGH,NO,YES,5b30afb744a82b1f90c1e183
NON AC,20,YES,814,4,3,2,3000,HIGH,NO,NO,5b30afb744a82b1f90c1e1f2
NON AC,20,YES,955,4,3,2,3000,HIGH,NO,YES,5b30afb744a82b1f90c1e27f
NON AC,30,NO,1099,4,3,3,3000,MEDIUM,YES,YES,5b30afb844a82b1f90c1e30f
NON AC,20,YES,1101,4,3,2,3000,HIGH,NO,YES,5b30afb844a82b1f90c1e311
NON AC,50,YES,1105,4,5,2,3000,High,NO,NO,5b30afb844a82b1f90c1e315
AC,40,YES,673,4,3,4,3000,MEDIUM,YES,YES,5b30afb744a82b1f90c1e165
AC,40,NO,60,5,4,4,3000,LOW,NO,YES,5b30afb544a82b1f90c1df00
AC,40,YES,69,5,3,4,3000,HIGH,YES,YES,5b30afb544a82b1f90c1df09
AC,30,YES,71,5,4,2,3000,HIGH,YES,YES,5b30afb544a82b1f90c1df0b
AC,40,NO,385,5,4,4,3000,LOW,NO,YES,5b30afb544a82b1f90c1e045
AC,40,YES,394,5,3,4,3000,HIGH,YES,NO,5b30afb544a82b1f90c1e04e
AC,30,YES,396,5,4,2,3000,HIGH,YES,YES,5b30afb544a82b1f90c1e050
AC,40,NO,538,5,4,4,3000,LOW,NO,YES,5b30afb744a82b1f90c1e0de
AC,40,YES,547,5,3,4,3000,HIGH,YES,YES,5b30afb744a82b1f90c1e0e7
AC,30,YES,549,5,4,2,3000,HIGH,YES,YES,5b30afb744a82b1f90c1e0e9
AC,40,NO,638,5,4,4,3000,LOW,NO,NO,5b30afb744a82b1f90c1e142
AC,40,YES,647,5,3,4,3000,HIGH,YES,YES,5b30afb744a82b1f90c1e14b
AC,30,YES,649,5,4,2,3000,HIGH,YES,YES,5b30afb744a82b1f90c1e14d
AC,40,NO,767,5,4,4,3000,LOW,NO,NO,5b30afb744a82b1f90c1e1c3
AC,40,YES,776,5,3,4,3000,HIGH,YES,NO,5b30afb744a82b1f90c1e1cc
AC,30,YES,778,5,4,2,3000,HIGH,YES,NO,5b30afb744a82b1f90c1e1ce
AC,40,NO,908,5,4,4,3000,LOW,NO,NO,5b30afb744a82b1f90c1e250
AC,40,YES,917,5,3,4,3000,HIGH,YES,YES,5b30afb744a82b1f90c1e259
AC,30,YES,919,5,4,2,3000,HIGH,YES,YES,5b30afb744a82b1f90c1e25b
AC,40,NO,1054,5,4,4,3000,LOW,NO,YES,5b30afb844a82b1f90c1e2e2
AC,40,YES,1063,5,3,4,3000,HIGH,YES,YES,5b30afb844a82b1f90c1e2eb
AC,30,YES,1065,5,4,2,3000,HIGH,YES,YES,5b30afb844a82b1f90c1e2ed
AC,40,NO,1193,5,4,4,3000,LOW,NO,NO,5b30afb844a82b1f90c1e36d
AC,40,YES,1202,5,3,4,3000,HIGH,YES,YES,5b30afb844a82b1f90c1e376
AC,30,YES,1204,5,4,2,3000,HIGH,YES,NO,5b30afb844a82b1f90c1e378
NON AC,20,YES,691,5,2,1,3000,MEDIUM,NO,YES,5b30afb744a82b1f90c1e177
NON AC,22,NO,145,1,2,2,2000,LOW,YES,YES,5b30afb544a82b1f90c1df54
AC,20,NO,57,1,3,2,2000,LOW,YES,YES,5b30afb544a82b1f90c1defd
AC,20,NO,382,1,3,2,2000,LOW,YES,YES,5b30afb544a82b1f90c1e042
AC,20,NO,535,1,3,2,2000,LOW,YES,YES,5b30afb744a82b1f90c1e0db
AC,20,NO,635,1,3,2,2000,LOW,YES,YES,5b30afb744a82b1f90c1e13f
AC,20,YES,651,1,3,2,2000,MEDIUM,YES,YES,5b30afb744a82b1f90c1e14f
AC,20,YES,684,1,3,3,2000,HIGH,YES,YES,5b30afb744a82b1f90c1e170
AC,20,NO,764,1,3,2,2000,LOW,YES,YES,5b30afb744a82b1f90c1e1c0
AC,20,YES,780,1,3,2,2000,MEDIUM,YES,YES,5b30afb744a82b1f90c1e1d0
AC,20,NO,905,1,3,2,2000,LOW,YES,YES,5b30afb744a82b1f90c1e24d
AC,20,NO,1051,1,3,2,2000,LOW,YES,YES,5b30afb844a82b1f90c1e2df
AC,20,YES,1067,1,3,2,2000,MEDIUM,YES,YES,5b30afb844a82b1f90c1e2ef
AC,20,NO,1190,1,3,2,2000,LOW,YES,YES,5b30afb844a82b1f90c1e36a
NON AC,20,NO,34,1,2,1,2000,LOW,NO,YES,5b30afb544a82b1f90c1dee6
NON AC,20,NO,38,1,2,1,2000,HIGH,YES,YES,5b30afb544a82b1f90c1deea
NON AC,20,NO,124,1,3,1,2000,LOW,YES,YES,5b30afb544a82b1f90c1df40
NON AC,20,NO,127,1,3,1,2000,MEDIUM,YES,YES,5b30afb544a82b1f90c1df43
NON AC,20,NO,141,1,4,4,2000,LOW,YES,YES,5b30afb544a82b1f90c1df51
NON AC,20,NO,186,1,2,1,2000,LOW,NO,NO,5b30afb544a82b1f90c1df7e
NON AC,20,NO,190,1,2,1,2000,HIGH,YES,YES,5b30afb544a82b1f90c1df82
NON AC,20,NO,236,1,2,1,2000,LOW,NO,NO,5b30afb544a82b1f90c1dfb0
NON AC,20,NO,240,1,2,1,2000,HIGH,YES,YES,5b30afb544a82b1f90c1dfb4
NON AC,20,YES,324,1,5,2,2000,HIGH,YES,YES,5b30afb544a82b1f90c1e008
NON AC,20,NO,359,1,2,1,2000,LOW,NO,YES,5b30afb544a82b1f90c1e02b
NON AC,20,NO,363,1,2,1,2000,HIGH,YES,YES,5b30afb544a82b1f90c1e02f
NON AC,20,NO,449,1,3,1,2000,LOW,YES,YES,5b30afb544a82b1f90c1e085
NON AC,20,NO,452,1,3,1,2000,MEDIUM,YES,NO,5b30afb544a82b1f90c1e088
NON AC,20,NO,466,1,4,4,2000,LOW,YES,NO,5b30afb544a82b1f90c1e096
NON AC,20,NO,512,1,2,1,2000,LOW,NO,NO,5b30afb744a82b1f90c1e0c4
NON AC,20,NO,516,1,2,1,2000,HIGH,YES,NO,5b30afb744a82b1f90c1e0c8
NON AC,20,YES,551,1,3,2,2000,MEDIUM,YES,NO,5b30afb744a82b1f90c1e0eb
NON AC,20,NO,602,1,3,1,2000,LOW,YES,NO,5b30afb744a82b1f90c1e11e
NON AC,20,NO,605,1,3,1,2000,MEDIUM,YES,NO,5b30afb744a82b1f90c1e121
NON AC,20,NO,619,1,4,4,2000,LOW,YES,NO,5b30afb744a82b1f90c1e12f
NON AC,20,NO,741,1,2,1,2000,LOW,NO,YES,5b30afb744a82b1f90c1e1a9
NON AC,20,NO,745,1,2,1,2000,HIGH,YES,NO,5b30afb744a82b1f90c1e1ad
NON AC,20,NO,831,1,3,1,2000,LOW,YES,NO,5b30afb744a82b1f90c1e203
NON AC,20,NO,834,1,3,1,2000,MEDIUM,YES,NO,5b30afb744a82b1f90c1e206
NON AC,20,NO,848,1,4,4,2000,LOW,YES,NO,5b30afb744a82b1f90c1e214
NON AC,20,NO,882,1,2,1,2000,LOW,NO,NO,5b30afb744a82b1f90c1e236
NON AC,20,NO,886,1,2,1,2000,HIGH,YES,YES,5b30afb744a82b1f90c1e23a
NON AC,20,NO,972,1,3,1,2000,LOW,YES,NO,5b30afb744a82b1f90c1e290
NON AC,20,NO,975,1,3,1,2000,MEDIUM,YES,YES,5b30afb744a82b1f90c1e293
NON AC,20,NO,989,1,4,4,2000,LOW,YES,YES,5b30afb744a82b1f90c1e2a1
NON AC,20,NO,1028,1,2,1,2000,LOW,NO,YES,5b30afb844a82b1f90c1e2c8
NON AC,20,NO,1032,1,2,1,2000,HIGH,YES,YES,5b30afb844a82b1f90c1e2cc
NON AC,20,NO,1118,1,3,1,2000,LOW,NO,YES,5b30afb844a82b1f90c1e322
NON AC,20,NO,1121,1,3,1,2000,MEDIUM,YES,YES,5b30afb844a82b1f90c1e325
NON AC,20,NO,1167,1,2,1,2000,LOW,NO,YES,5b30afb844a82b1f90c1e353
NON AC,20,NO,1171,1,2,1,2000,HIGH,YES,NO,5b30afb844a82b1f90c1e357
YES,20,YES,73,1,3,2,2000,MEDIUM,YES,NO,5b30afb544a82b1f90c1df0d
YES,20,YES,398,1,3,2,2000,MEDIUM,YES,NO,5b30afb544a82b1f90c1e052
YES,20,YES,921,1,3,2,2000,MEDIUM,YES,NO,5b30afb744a82b1f90c1e25d
YES,20,YES,1206,1,3,2,2000,MEDIUM,YES,NO,5b30afb844a82b1f90c1e37a
AC,30,YES,681,1,5,4,2000,LOW,YES,YES,5b30afb844a82b1f90c1e337
AC,30,YES,698,1,5,1,2000,MEDIUM,YES,YES,5b30afb844a82b1f90c1e339
AC,20,NO,103,1,4,2,2000,HIGH,YES,YES,5b30afb844a82b1f90c1e346
AC,20,NO,951,1,4,3,2000,HIGH,YES,YES,5b30afb844a82b1f90c1e350
AC,20,NO,1097,1,5,1,2000,LOW,YES,YES,5b30afb844a82b1f90c1e351
AC,20,NO,548,1,2,4,2000,LOW,YES,YES,5b30afb844a82b1f90c1e355
AC,20,NO,777,1,3,1,2000,HIGH,YES,YES,5b30afb844a82b1f90c1e357
AC,20,NO,918,1,2,2,2000,MEDIUM,YES,YES,5b30afb844a82b1f90c1e358
NON AC,20,NO,103,1,4,2,2000,HIGH,YES,NO,5b30afb844a82b1f90c1e361
NON AC,20,NO,951,1,4,3,2000,HIGH,YES,NO,5b30afb844a82b1f90c1e365
NON AC,20,NO,1097,1,5,1,2000,LOW,YES,NO,5b30afb844a82b1f90c1e366
NON AC,20,NO,548,1,2,4,2000,LOW,YES,NO,5b30afb844a82b1f90c1e370
NON AC,20,NO,777,1,3,1,2000,HIGH,YES,NO,5b30afb844a82b1f90c1e372
NON AC,20,NO,918,1,2,2,2000,MEDIUM,YES,NO,5b30afb844a82b1f90c1e373
AC,40,NO,1146,2,2,2,2000,LOW,NO,YES,5b30afb844a82b1f90c1e33e
AC,20,NO,1,2,3,1,2000,LOW,YES,YES,5b30afb544a82b1f90c1dec5
AC,20,YES,84,2,3,2,2000,LOW,YES,YES,5b30afb544a82b1f90c1df18
AC,20,YES,110,2,4,1,2000,LOW,YES,NO,5b30afb544a82b1f90c1df32
AC,40,NO,115,2,4,2,2000,LOW,NO,NO,5b30afb544a82b1f90c1df37
AC,20,NO,154,2,3,1,2000,LOW,YES,YES,5b30afb544a82b1f90c1df5d
AC,20,NO,203,2,3,1,2000,LOW,YES,NO,5b30afb544a82b1f90c1df8f
AC,20,NO,326,2,3,1,2000,LOW,YES,NO,5b30afb544a82b1f90c1e00a
AC,20,YES,409,2,3,2,2000,LOW,YES,NO,5b30afb544a82b1f90c1e05d
AC,20,YES,435,2,4,1,2000,LOW,YES,NO,5b30afb544a82b1f90c1e077
AC,40,NO,440,2,4,2,2000,LOW,NO,YES,5b30afb544a82b1f90c1e07c
AC,25,NO,478,2,2,3,2000,LOW,NO,NO,5b30afb544a82b1f90c1e0a2
AC,20,NO,479,2,3,1,2000,LOW,YES,NO,5b30afb544a82b1f90c1e0a3
AC,20,YES,562,2,3,2,2000,LOW,YES,NO,5b30afb744a82b1f90c1e0f6
AC,20,YES,588,2,4,1,2000,LOW,YES,YES,5b30afb744a82b1f90c1e110
AC,40,NO,593,2,4,2,2000,LOW,NO,NO,5b30afb744a82b1f90c1e115
AC,20,YES,662,2,3,2,2000,LOW,YES,YES,5b30afb744a82b1f90c1e15a
AC,30,YES,688,2,2,4,2000,MEDIUM,YES,NO,5b30afb744a82b1f90c1e174
AC,20,YES,708,2,3,2,2000,MEDIUM,NO,YES,5b30afb744a82b1f90c1e188
AC,20,YES,791,2,3,2,2000,LOW,YES,YES,5b30afb744a82b1f90c1e1db
AC,20,YES,817,2,4,1,2000,LOW,YES,YES,5b30afb744a82b1f90c1e1f5
AC,40,NO,822,2,4,2,2000,LOW,NO,YES,5b30afb744a82b1f90c1e1fa
AC,20,NO,849,2,3,1,2000,LOW,YES,NO,5b30afb744a82b1f90c1e215
AC,20,YES,932,2,3,2,2000,LOW,YES,YES,5b30afb744a82b1f90c1e268
AC,20,YES,958,2,4,1,2000,LOW,YES,YES,5b30afb744a82b1f90c1e282
AC,40,NO,963,2,4,2,2000,LOW,NO,NO,5b30afb744a82b1f90c1e287
AC,20,NO,990,2,3,1,2000,LOW,YES,YES,5b30afb744a82b1f90c1e2a2
AC,20,NO,995,2,3,1,2000,LOW,YES,YES,5b30afb744a82b1f90c1e2a7
AC,20,YES,1068,2,4,1,2000,LOW,YES,YES,5b30afb844a82b1f90c1e2f0
AC,20,YES,1078,2,3,2,2000,HIGH,YES,YES,5b30afb844a82b1f90c1e2fa
AC,20,YES,1104,2,4,1,2000,LOW,YES,NO,5b30afb844a82b1f90c1e314
AC,40,NO,1109,2,4,2,2000,LOW,NO,NO,5b30afb844a82b1f90c1e319
NO,20,NO,74,2,4,1,2000,LOW,YES,YES,5b30afb544a82b1f90c1df0e
NO,20,NO,399,2,4,1,2000,LOW,YES,NO,5b30afb544a82b1f90c1e053
NO,20,NO,922,2,4,1,2000,LOW,YES,NO,5b30afb744a82b1f90c1e25e
NO,20,NO,1207,2,4,1,2000,LOW,YES,NO,5b30afb844a82b1f90c1e37b
NON AC,20,NO,22,2,3,1,2000,LOW,NO,YES,5b30afb544a82b1f90c1deda
NON AC,20,NO,101,2,2,1,2000,MEDIUM,YES,YES,5b30afb544a82b1f90c1df29
NON AC,20,NO,174,2,3,1,2000,LOW,NO,YES,5b30afb544a82b1f90c1df72
NON AC,20,NO,224,2,3,1,2000,LOW,NO,YES,5b30afb544a82b1f90c1dfa4
NON AC,50,YES,290,2,3,1,2000,MEDIUM,YES,NO,5b30afb544a82b1f90c1dfe6
NON AC,20,YES,309,2,2,1,2000,LOW,NO,YES,5b30afb544a82b1f90c1dff9
NON AC,20,NO,313,2,2,1,2000,HIGH,YES,NO,5b30afb544a82b1f90c1dffd
NON AC,20,NO,347,2,3,1,2000,LOW,NO,YES,5b30afb544a82b1f90c1e01f
NON AC,20,NO,426,2,2,1,2000,MEDIUM,YES,NO,5b30afb544a82b1f90c1e06e
NON AC,20,NO,500,2,3,1,2000,LOW,NO,NO,5b30afb544a82b1f90c1e0b8
NON AC,20,NO,552,2,4,1,2000,LOW,YES,YES,5b30afb744a82b1f90c1e0ec
NON AC,20,NO,579,2,2,1,2000,MEDIUM,YES,NO,5b30afb744a82b1f90c1e107
NON AC,20,NO,652,2,4,1,2000,LOW,YES,YES,5b30afb744a82b1f90c1e150
NON AC,40,YES,680,2,3,4,2000,HIGH,NO,NO,5b30afb744a82b1f90c1e16c
NON AC,40,YES,694,2,5,2,2000,MEDIUM,NO,YES,5b30afb744a82b1f90c1e17a
NON AC,20,YES,706,2,4,2,2000,HIGH,NO,NO,5b30afb744a82b1f90c1e186
NON AC,20,NO,729,2,3,1,2000,LOW,NO,YES,5b30afb744a82b1f90c1e19d
NON AC,20,NO,781,2,4,1,2000,LOW,YES,YES,5b30afb744a82b1f90c1e1d1
NON AC,20,NO,808,2,2,1,2000,MEDIUM,YES,YES,5b30afb744a82b1f90c1e1ec
NON AC,20,NO,870,2,3,1,2000,LOW,NO,YES,5b30afb744a82b1f90c1e22a
NON AC,20,NO,949,2,2,1,2000,MEDIUM,YES,YES,5b30afb744a82b1f90c1e279
NON AC,20,NO,1016,2,3,1,2000,LOW,NO,YES,5b30afb844a82b1f90c1e2bc
NON AC,20,NO,1095,2,2,1,2000,MEDIUM,YES,YES,5b30afb844a82b1f90c1e30b
NON AC,20,NO,1155,2,3,1,2000,LOW,NO,YES,5b30afb844a82b1f90c1e347
AC,20,YES,685,2,2,2,2000,MEDIUM,NO,YES,5b30afb844a82b1f90c1e338
AC,40,NO,134,2,4,4,2000,HIGH,NO,YES,5b30afb844a82b1f90c1e340
AC,40,NO,612,2,1,1,2000,HIGH,NO,YES,5b30afb844a82b1f90c1e342
AC,20,NO,428,2,4,4,2000,MEDIUM,YES,YES,5b30afb844a82b1f90c1e347
AC,22,NO,469,2,2,2,2000,LOW,YES,YES,5b30afb844a82b1f90c1e352
AC,20,NO,70,2,2,1,2000,MEDIUM,YES,YES,5b30afb844a82b1f90c1e353
AC,20,NO,1203,2,2,4,2000,LOW,YES,YES,5b30afb844a82b1f90c1e360
NON AC,20,NO,428,2,4,4,2000,MEDIUM,YES,NO,5b30afb844a82b1f90c1e362
NON AC,22,NO,469,2,2,2,2000,LOW,YES,NO,5b30afb844a82b1f90c1e367
NON AC,20,NO,70,2,2,1,2000,MEDIUM,YES,NO,5b30afb844a82b1f90c1e368
NON AC,20,NO,1203,2,2,4,2000,LOW,YES,NO,5b30afb844a82b1f90c1e375
AC,50,YES,15,3,3,1,2000,MEDIUM,YES,YES,5b30afb544a82b1f90c1ded3
AC,30,NO,28,3,4,1,2000,MEDIUM,NO,NO,5b30afb544a82b1f90c1dee0
AC,20,NO,45,3,2,1,2000,LOW,YES,YES,5b30afb544a82b1f90c1def1
AC,20,NO,76,3,3,1,2000,MEDIUM,YES,YES,5b30afb544a82b1f90c1df10
AC,50,YES,167,3,3,1,2000,MEDIUM,YES,NO,5b30afb544a82b1f90c1df6b
AC,30,NO,180,3,4,1,2000,MEDIUM,NO,YES,5b30afb544a82b1f90c1df78
AC,20,NO,197,3,2,1,2000,LOW,YES,YES,5b30afb544a82b1f90c1df89
AC,50,YES,217,3,3,1,2000,MEDIUM,YES,NO,5b30afb544a82b1f90c1df9d
AC,30,NO,230,3,4,1,2000,MEDIUM,NO,YES,5b30afb544a82b1f90c1dfaa
AC,20,NO,247,3,2,1,2000,LOW,YES,YES,5b30afb544a82b1f90c1dfbb
AC,20,NO,253,3,2,1,2000,LOW,YES,NO,5b30afb544a82b1f90c1dfc1
AC,50,YES,261,3,3,1,2000,MEDIUM,YES,NO,5b30afb544a82b1f90c1dfc9
AC,20,NO,300,3,2,3,2000,LOW,NO,NO,5b30afb544a82b1f90c1dff0
AC,30,YES,303,3,4,1,2000,MEDIUM,YES,YES,5b30afb544a82b1f90c1dff3
AC,30,NO,316,3,3,1,2000,MEDIUM,YES,YES,5b30afb544a82b1f90c1e000
AC,20,NO,320,3,2,1,2000,LOW,NO,NO,5b30afb544a82b1f90c1e004
AC,50,YES,340,3,3,1,2000,MEDIUM,YES,NO,5b30afb544a82b1f90c1e018
AC,30,NO,353,3,4,1,2000,MEDIUM,NO,NO,5b30afb544a82b1f90c1e025
AC,20,NO,370,3,2,1,2000,LOW,YES,NO,5b30afb544a82b1f90c1e036
AC,20,NO,401,3,3,1,2000,MEDIUM,YES,NO,5b30afb544a82b1f90c1e055
AC,50,YES,493,3,3,1,2000,MEDIUM,YES,YES,5b30afb544a82b1f90c1e0b1
AC,30,NO,506,3,4,1,2000,MEDIUM,NO,YES,5b30afb744a82b1f90c1e0be
AC,20,NO,523,3,2,1,2000,LOW,YES,YES,5b30afb744a82b1f90c1e0cf
AC,20,NO,554,3,3,1,2000,MEDIUM,YES,YES,5b30afb744a82b1f90c1e0ee
AC,20,NO,623,3,2,1,2000,LOW,YES,NO,5b30afb744a82b1f90c1e133
AC,20,NO,654,3,3,1,2000,MEDIUM,YES,NO,5b30afb744a82b1f90c1e152
AC,40,YES,704,3,3,1,2000,MEDIUM,YES,NO,5b30afb744a82b1f90c1e184
AC,50,YES,722,3,3,1,2000,MEDIUM,YES,YES,5b30afb744a82b1f90c1e196
AC,30,NO,735,3,4,1,2000,MEDIUM,NO,YES,5b30afb744a82b1f90c1e1a3
AC,20,NO,752,3,2,1,2000,LOW,YES,YES,5b30afb744a82b1f90c1e1b4
AC,20,NO,783,3,3,1,2000,MEDIUM,YES,YES,5b30afb744a82b1f90c1e1d3
AC,50,YES,863,3,3,1,2000,MEDIUM,YES,NO,5b30afb744a82b1f90c1e223
AC,30,NO,876,3,4,1,2000,MEDIUM,NO,YES,5b30afb744a82b1f90c1e230
AC,20,NO,893,3,2,1,2000,LOW,YES,YES,5b30afb744a82b1f90c1e241
AC,20,NO,924,3,3,1,2000,MEDIUM,YES,YES,5b30afb744a82b1f90c1e260
AC,50,YES,1009,3,3,1,2000,MEDIUM,YES,YES,5b30afb844a82b1f90c1e2b5
AC,30,NO,1022,3,4,1,2000,MEDIUM,NO,NO,5b30afb844a82b1f90c1e2c2
AC,20,NO,1039,3,2,1,2000,LOW,YES,YES,5b30afb844a82b1f90c1e2d3
AC,20,YES,1070,3,3,1,2000,MEDIUM,YES,YES,5b30afb844a82b1f90c1e2f2
AC,50,YES,1148,3,3,1,2000,MEDIUM,YES,NO,5b30afb844a82b1f90c1e340
AC,30,NO,1161,3,4,1,2000,MEDIUM,NO,YES,5b30afb844a82b1f90c1e34d
AC,20,NO,1178,3,2,1,2000,LOW,YES,YES,5b30afb844a82b1f90c1e35e
AC,20,NO,1209,3,3,1,2000,MEDIUM,YES,YES,5b30afb844a82b1f90c1e37d
NON AC,20,YES,7,3,3,1,2000,LOW,YES,YES,5b30afb544a82b1f90c1decb
NON AC,20,YES,160,3,3,1,2000,LOW,YES,YES,5b30afb544a82b1f90c1df63
NON AC,20,YES,209,3,3,1,2000,LOW,YES,YES,5b30afb544a82b1f90c1df95
NON AC,20,YES,297,3,3,1,2000,LOW,NO,YES,5b30afb544a82b1f90c1dfed
NON AC,20,YES,332,3,3,1,2000,LOW,YES,NO,5b30afb544a82b1f90c1e010
NON AC,20,YES,485,3,3,1,2000,LOW,YES,YES,5b30afb544a82b1f90c1e0a9
NON AC,20,YES,714,3,3,1,2000,LOW,YES,NO,5b30afb744a82b1f90c1e18e
NON AC,20,YES,855,3,3,1,2000,LOW,YES,YES,5b30afb744a82b1f90c1e21b
NON AC,20,YES,1001,3,3,1,2000,LOW,YES,YES,5b30afb844a82b1f90c1e2ad
AC,40,NO,841,3,3,5,2000,MEDIUM,NO,YES,5b30afb844a82b1f90c1e343
AC,20,NO,648,3,5,5,2000,HIGH,YES,YES,5b30afb844a82b1f90c1e356
AC,20,NO,1064,3,2,3,2000,LOW,YES,YES,5b30afb844a82b1f90c1e359
NON AC,20,NO,648,3,5,5,2000,HIGH,YES,NO,5b30afb844a82b1f90c1e371
NON AC,20,NO,1064,3,2,3,2000,LOW,YES,NO,5b30afb844a82b1f90c1e374
AC,20,NO,25,4,2,2,2000,LOW,YES,YES,5b30afb544a82b1f90c1dedd
AC,20,NO,177,4,2,2,2000,LOW,YES,NO,5b30afb544a82b1f90c1df75
AC,20,NO,227,4,2,2,2000,LOW,YES,NO,5b30afb544a82b1f90c1dfa7
AC,20,NO,350,4,2,2,2000,LOW,YES,NO,5b30afb544a82b1f90c1e022
AC,20,NO,503,4,2,2,2000,LOW,YES,YES,5b30afb744a82b1f90c1e0bb
AC,20,NO,732,4,2,2,2000,LOW,YES,YES,5b30afb744a82b1f90c1e1a0
AC,20,NO,873,4,2,2,2000,LOW,YES,YES,5b30afb744a82b1f90c1e22d
AC,20,NO,1019,4,2,2,2000,LOW,YES,YES,5b30afb844a82b1f90c1e2bf
AC,20,NO,1158,4,2,2,2000,LOW,YES,YES,5b30afb844a82b1f90c1e34a
NON AC,20,NO,49,4,5,2,2000,HIGH,YES,YES,5b30afb544a82b1f90c1def5
NON AC,20,NO,201,4,5,2,2000,HIGH,YES,NO,5b30afb544a82b1f90c1df8d
NON AC,20,NO,251,4,5,2,2000,HIGH,YES,NO,5b30afb544a82b1f90c1dfbf
NON AC,20,YES,282,4,3,1,2000,LOW,NO,NO,5b30afb544a82b1f90c1dfde
NON AC,20,NO,374,4,5,2,2000,HIGH,YES,NO,5b30afb544a82b1f90c1e03a
NON AC,20,NO,527,4,5,2,2000,HIGH,YES,YES,5b30afb744a82b1f90c1e0d3
NON AC,20,NO,627,4,5,2,2000,HIGH,YES,NO,5b30afb744a82b1f90c1e137
NON AC,20,NO,756,4,5,2,2000,HIGH,YES,NO,5b30afb744a82b1f90c1e1b8
NON AC,20,NO,897,4,5,2,2000,HIGH,YES,NO,5b30afb744a82b1f90c1e245
NON AC,20,NO,1043,4,5,2,2000,HIGH,YES,YES,5b30afb844a82b1f90c1e2d7
NON AC,20,NO,1182,4,5,2,2000,HIGH,YES,YES,5b30afb844a82b1f90c1e362
AC,40,NO,459,4,2,3,2000,LOW,NO,YES,5b30afb844a82b1f90c1e341
AC,40,NO,982,4,1,4,2000,MEDIUM,NO,YES,5b30afb844a82b1f90c1e344
AC,20,NO,810,4,3,1,2000,LOW,YES,YES,5b30afb844a82b1f90c1e349
AC,20,NO,395,4,2,2,2000,LOW,YES,YES,5b30afb844a82b1f90c1e354
NON AC,20,NO,810,4,3,1,2000,LOW,YES,YES,5b30afb844a82b1f90c1e364
NON AC,20,NO,395,4,2,2,2000,LOW,YES,NO,5b30afb844a82b1f90c1e369
AC,20,YES,697,5,5,4,2000,MEDIUM,YES,NO,5b30afb744a82b1f90c1e17d
AC,40,YES,699,5,4,2,2000,HIGH,YES,YES,5b30afb744a82b1f90c1e17f
AC,40,NO,1128,5,2,2,2000,LOW,NO,YES,5b30afb844a82b1f90c1e345
AC,20,NO,581,5,2,2,2000,LOW,YES,YES,5b30afb844a82b1f90c1e348
NON AC,20,NO,581,5,2,2,2000,LOW,YES,NO,5b30afb844a82b1f90c1e363
AC,30,YES,681,1,3,4,1000,LOW,YES,YES,5b30afb744a82b1f90c1e16d
NON AC,20,NO,103,1,2,1,1000,LOW,YES,YES,5b30afb544a82b1f90c1df2b
NON AC,20,NO,428,1,2,1,1000,LOW,YES,YES,5b30afb544a82b1f90c1e070
NON AC,20,NO,581,1,2,1,1000,LOW,YES,YES,5b30afb744a82b1f90c1e109
NON AC,20,NO,810,1,2,5,1000,LOW,YES,YES,5b30afb744a82b1f90c1e1ee
NON AC,20,NO,951,1,2,1,1000,LOW,YES,YES,5b30afb744a82b1f90c1e27b
NON AC,20,NO,1097,1,2,1,1000,LOW,YES,YES,5b30afb844a82b1f90c1e30d
NON AC,22,NO,469,1,2,2,1000,LOW,YES,YES,5b30afb544a82b1f90c1e099
AC,20,YES,685,2,2,2,1000,MEDIUM,NO,NO,5b30afb744a82b1f90c1e171
AC,30,YES,698,3,5,1,1000,LOW,YES,YES,5b30afb744a82b1f90c1e17e
NON AC,20,NO,70,3,2,1,1000,LOW,YES,YES,5b30afb544a82b1f90c1df0a
NON AC,20,NO,395,3,2,1,1000,LOW,YES,YES,5b30afb544a82b1f90c1e04f
NON AC,20,NO,548,3,2,1,1000,LOW,YES,YES,5b30afb744a82b1f90c1e0e8
NON AC,20,NO,648,3,2,1,1000,LOW,YES,YES,5b30afb744a82b1f90c1e14c
NON AC,20,NO,777,3,2,1,1000,LOW,YES,YES,5b30afb744a82b1f90c1e1cd
NON AC,20,NO,918,3,2,1,1000,LOW,YES,YES,5b30afb744a82b1f90c1e25a
NON AC,20,NO,1064,3,2,1,1000,LOW,YES,YES,5b30afb844a82b1f90c1e2ec
NON AC,20,NO,1203,3,2,1,1000,LOW,YES,YES,5b30afb844a82b1f90c1e377
AC,40,NO,134,4,3,5,1000,HIGH,NO,YES,5b30afb544a82b1f90c1df4a
AC,40,NO,459,4,3,5,1000,HIGH,NO,YES,5b30afb544a82b1f90c1e08f
AC,40,NO,612,4,3,5,1000,HIGH,NO,YES,5b30afb744a82b1f90c1e128
AC,40,NO,841,4,3,5,1000,HIGH,NO,YES,5b30afb744a82b1f90c1e20d
AC,40,NO,982,4,3,5,1000,HIGH,NO,NO,5b30afb744a82b1f90c1e29a
AC,40,NO,1128,4,3,5,1000,HIGH,NO,YES,5b30afb844a82b1f90c1e32c
